3.91E-03,197.8626988
7.81E-03,194.5255912
1.17E-02,190.6043305
1.95E-02,183.5558385
2.73E-02,177.6628311
3.52E-02,172.9633971
4.30E-02,169.3451824
5.86E-02,164.6573709
7.42E-02,161.422602
0.10546875,157.8216437
0.13671875,155.6887878
0.19921875,153.8026789
0.26171875,152.9369135
0.38671875,152.4121154
0.51171875,152.254476
0.63671875,152.2068959
0.88671875,152.1893586
1.3867188,152.1825993
2.3867188,152.1703686
3.3867188,152.1721713
4.3867188,152.1741976
6.3867188,152.1726511
8.3867188,152.167318
10.386719,152.1586882
14.386719,152.1378979
18.386719,152.1181341
22.386719,152.1006658
26.386719,152.0858376
30.386719,152.0724869
38.386719,152.0503491
46.386719,152.0277013
54.386719,152.0186937
62.386719,152.009189
70.386719,151.9997734
78.386719,151.9919957
86.386719,151.9854276
94.386719,151.9801163
110.38672,151.9721588
126.38672,151.9663987
142.38672,151.9620764
158.38672,151.9587785
174.38672,151.9559118
206.38672,151.9509174
238.38672,151.9464351
270.38672,151.9423592
302.38672,151.9387116
334.38672,151.9354279
366.38672,151.9321758
398.38672,151.9294525
430.38672,151.9271535
494.38672,151.9238315
510.38672,151.9230881
542.38672,151.9218601
574.38672,151.9208338
606.38672,151.919946
670.38672,151.9184078
734.38672,151.917022
798.38672,151.9156513
862.38672,151.9142286
926.38672,151.9127956
990.38672,151.9113768
1054.3867,151.9099888
1118.3867,151.9086467
1246.3867,151.906218
1278.3867,151.9056416
1342.3867,151.9045709
1406.3867,151.9035588
1470.3867,151.9024761
1534.3867,151.9014928
1598.3867,151.9006132
1662.3867,151.8997374
1726.3867,151.8989771
1790.3867,151.8984815
1854.3867,151.8979928
1918.3867,151.8975119
2046.3867,151.8966438
2174.3867,151.8958689
2302.3867,151.8951695
2430.3867,151.8945392
2558.3867,151.8939619
2686.3867,151.8934119
2814.3867,151.892884
2942.3867,151.8923605
3070.3867,151.8918376
3326.3867,151.8908148
3582.3867,151.8898481
3838.3867,151.8889837
4094.3867,151.888208
4350.3867,151.8874703
4606.3867,151.8867633
4862.3867,151.8861288
5118.3867,151.8855448
5374.3867,151.8849994
5630.3867,151.8844559
5886.3867,151.8839236
6142.3867,151.8834229
6270.3867,151.8831925
6398.3867,151.8829711
6526.3867,151.8827409
6782.3867,151.8822223
7038.3867,151.8817794
7294.3867,151.8815535
7550.3867,151.8813606
7806.3867,151.8811486
8062.3867,151.8809224
8318.3867,151.8806905
8574.3867,151.8804488
8830.3867,151.8802045
9342.3867,151.8797279
9854.3867,151.8792692
10366.387,151.8788189
10878.387,151.8783787
11390.387,151.8779526
11902.387,151.8775471
12030.387,151.8774507
12286.387,151.8772562
12542.387,151.8770685
13054.387,151.8767356
13566.387,151.876442
14078.387,151.8761895
14590.387,151.8759498
15102.387,151.8757129
15614.387,151.8754806
16126.387,151.8752553
16638.387,151.8750478
17150.387,151.8748595
17662.387,151.8746838
18174.387,151.8745198
18686.387,151.8743489
19198.387,151.8741794
19710.387,151.8739993
20222.387,151.8738192
21246.387,151.8734376
21502.387,151.8733401
22014.387,151.8731439
22526.387,151.8729491
23038.387,151.872748
23550.387,151.872553
24062.387,151.8723645
24574.387,151.8721789
25086.387,151.8719978
25598.387,151.8717963
26110.387,151.8715815
26622.387,151.8713757
27134.387,151.871187
28158.387,151.8708472
28414.387,151.8707674
28670.387,151.8706893
28926.387,151.8706207
29182.387,151.870558
29438.387,151.8704991
29694.387,151.87045
30206.387,151.8703892
31230.387,151.8702225
32254.387,151.8700365
33278.387,151.8698499
34302.387,151.8696703
35326.387,151.8695043
35582.387,151.8694613
36094.387,151.8693802
36606.387,151.8692984
37630.387,151.8691542
38654.387,151.8690314
38910.387,151.8690003
39166.387,151.8689729
39678.387,151.8689128
40190.387,151.8688549
41214.387,151.8687395
42238.387,151.868618
42494.387,151.8685854
43006.387,151.8685261
44030.387,151.8684005
45054.387,151.8682852
45566.387,151.8682267
46590.387,151.8681152
47614.387,151.8680138
48638.387,151.8679122
49662.387,151.8678087
51710.387,151.867606
53758.387,151.8674013
55806.387,151.8671942
57854.387,151.866993
58366.387,151.8669434
58878.387,151.8668956
59902.387,151.8667984
60926.387,151.8667127
61950.387,151.8666284
62974.387,151.8665434
63998.387,151.8664594
65022.387,151.8663739
66046.387,151.8662802
67070.387,151.8661851
68094.387,151.8660954
69118.387,151.8660041
71166.387,151.8658198
73214.387,151.8656444
75262.387,151.8654843
77310.387,151.8653312
79358.387,151.8651782
81406.387,151.8650358
85502.387,151.8647779
89598.387,151.8645476
90622.387,151.8644937
92670.387,151.8643907
94718.387,151.8642898
96766.387,151.8641985
98814.387,151.8641124
100862.39,151.8640244
102910.39,151.8639353
104958.39,151.8638371
107006.39,151.8637454
109054.39,151.8636531
111102.39,151.8635705
113150.39,151.8634982
115198.39,151.8634338
115710.39,151.8634155
116222.39,151.8634024
116734.39,151.8633834
117758.39,151.8633526
118782.39,151.8633405
119806.39,151.8633224
120830.39,151.8633001
122878.39,151.8632371
124926.39,151.8631739
129022.39,151.8630554
133118.39,151.8629402
137214.39,151.8628337
141310.39,151.862729
145406.39,151.8626208
146430.39,151.862593
148478.39,151.86254
150526.39,151.8624812
152574.39,151.8624257
154622.39,151.8623722
156670.39,151.8623144
158718.39,151.8622571
160766.39,151.8622026
162814.39,151.8621452
164862.39,151.8620922
166910.39,151.8620437
168958.39,151.8619878
171006.39,151.8619333
173054.39,151.8618814
177150.39,151.8617707
181246.39,151.8616608
185342.39,151.8615583
189438.39,151.8614524
193534.39,151.8613561
197630.39,151.8612618
201726.39,151.861169
209918.39,151.8609912
218110.39,151.860827
226302.39,151.8606783
228350.39,151.8606413
232446.39,151.860567
233470.39,151.8605507
235518.39,151.860515
237566.39,151.8604837
239614.39,151.8604504
243710.39,151.8603867
247806.39,151.8603324
251902.39,151.8602726
253950.39,151.8602489
258046.39,151.8601943
262142.39,151.8601463
266238.39,151.8601002
267262.39,151.8600878
267774.39,151.8600816
268798.39,151.8600731
269822.39,151.8600605
271870.39,151.8600394
272894.39,151.8600272
274942.39,151.860006
276990.39,151.8599903
281086.39,151.8599489
289278.39,151.8598755
297470.39,151.859797
305662.39,151.8597295
313854.39,151.8596584
322046.39,151.8595869
324094.39,151.8595693
325118.39,151.8595636
327166.39,151.8595484
331262.39,151.8595092
335358.39,151.8594742
339454.39,151.8594435
343550.39,151.8594062
347646.39,151.8593718
351742.39,151.8593324
355838.39,151.8593006
359934.39,151.8592654
364030.39,151.8592277
368126.39,151.8591907
372222.39,151.8591562
380414.39,151.8590843
382462.39,151.8590634
386558.39,151.8590272
390654.39,151.8589884
394750.39,151.8589544
398846.39,151.858915
402942.39,151.8588771
407038.39,151.8588426
411134.39,151.8588007
419326.39,151.8587302
427518.39,151.8586591
435710.39,151.8585896
443902.39,151.8585288
445950.39,151.8585113
446974.39,151.8585055
449022.39,151.8584894
451070.39,151.8584755
455166.39,151.8584509
457214.39,151.8584369
461310.39,151.8584136
462334.39,151.8584053
463358.39,151.8583958
465406.39,151.8583822
469502.39,151.858354
477694.39,151.8582979
481790.39,151.8582704
489982.39,151.8582149
498174.39,151.858166
506366.39,151.858112
514558.39,151.8580655
516606.39,151.8580524
520702.39,151.8580304
524798.39,151.8580053
528894.39,151.8579827
532990.39,151.8579575
541182.39,151.857913
549374.39,151.8578651
557566.39,151.8578207
565758.39,151.8577823
567806.39,151.8577653
571902.39,151.857748
575998.39,151.8577255
580094.39,151.8577029
584190.39,151.8576853
592382.39,151.8576394
600574.39,151.8575983
608766.39,151.8575578
625150.39,151.8574765
641534.39,151.8573935
657918.39,151.8573166
662014.39,151.857297
664062.39,151.857288
668158.39,151.8572702
676350.39,151.8572294
680446.39,151.8572114
688638.39,151.8571744
689662.39,151.8571706
691710.39,151.8571566
693758.39,151.8571483
697854.39,151.8571338
706046.39,151.8570993
722430.39,151.8570286
738814.39,151.8569592
742910.39,151.8569421
747006.39,151.8569236
755198.39,151.8568898
771582.39,151.8568294
775678.39,151.8568126
783870.39,151.8567797
785918.39,151.8567703
787966.39,151.8567619
790014.39,151.8567536
792062.39,151.8567461
794110.39,151.8567374
796158.39,151.8567302
798206.39,151.8567234
802302.39,151.856708
806398.39,151.8566957
810494.39,151.8566802
814590.39,151.8566674
818686.39,151.8566505
822782.39,151.8566341
826878.39,151.8566211
830974.39,151.8566045
835070.39,151.8565971
843262.39,151.8565698
851454.39,151.856542
867838.39,151.856487
871934.39,151.8564771
880126.39,151.8564511
888318.39,151.8564247
896510.39,151.8564019
904702.39,151.8563807
912894.39,151.8563549
921086.39,151.8563341
929278.39,151.8563096
937470.39,151.8562932
945662.39,151.856268
949758.39,151.8562593
953854.39,151.8562485
962046.39,151.8562227
978430.39,151.8561866
982526.39,151.8561759
990718.39,151.8561561
991742.39,151.8561514
993790.39,151.85615
997886.39,151.856139
1006078.4,151.8561192
1022462.4,151.8560777
1038846.4,151.856041
1055230.4,151.8560038
1071614.4,151.8559693
1104382.4,151.8559016
1137150.4,151.8558274
1169918.4,151.8557638
1202686.4,151.8556965
1235454.4,151.8556365
1268222.4,151.8555752
1300990.4,151.8555155
1333758.4,151.8554542
1341950.4,151.8554404
1358334.4,151.8554076
1374718.4,151.8553828
1407486.4,151.8553235
1415678.4,151.85531
1419774.4,151.8553021
1421822.4,151.8552975
1425918.4,151.8552904
1430014.4,151.8552832
1438206.4,151.8552721
1454590.4,151.8552373
1487358.4,151.8551835
1520126.4,151.8551292
1552894.4,151.8550732
1585662.4,151.8550164
1618430.4,151.8549612
1651198.4,151.8549123
1659390.4,151.8548967
1675774.4,151.8548767
1679870.4,151.8548698
1681918.4,151.8548641
1686014.4,151.8548659
1690110.4,151.8548579
1694206.4,151.8548494
1698302.4,151.8548434
1702398.4,151.8548397
1704446.4,151.8548342
1706494.4,151.8548349
1708542.4,151.8548277
1710590.4,151.8548295
1712638.4,151.8548255
1714686.4,151.8548235
1716734.4,151.8548178
1718782.4,151.8548183
1722878.4,151.8548103
1726974.4,151.8548058
1731070.4,151.8547982
1735166.4,151.8547982
1739262.4,151.8547902
1743358.4,151.854782
1751550.4,151.8547685
1759742.4,151.8547605
1767934.4,151.8547467
1776126.4,151.8547377
1784318.4,151.8547243
1792510.4,151.8547132
1800702.4,151.8547001
1808894.4,151.8546856
1817086.4,151.8546773
1825278.4,151.8546691
1833470.4,151.85466
1841662.4,151.8546465
1849854.4,151.8546385
1858046.4,151.8546309
1866238.4,151.8546199
1874430.4,151.854611
1882622.4,151.8546027
1890814.4,151.8545934
1899006.4,151.8545789
1907198.4,151.8545715
1923582.4,151.8545548
1956350.4,151.8545192
1964542.4,151.8545102
1968638.4,151.8545015
1970686.4,151.8545015
1972734.4,151.854496
1976830.4,151.8544928
1985022.4,151.8544833
2001406.4,151.8544651
2017790.4,151.8544412
2034174.4,151.8544259
2050558.4,151.8544082
2066942.4,151.8543902
2075134.4,151.8543811
2083326.4,151.8543719
2099710.4,151.8543544
2116094.4,151.8543364
2148862.4,151.8542939
2181630.4,151.8542597
2214398.4,151.8542238
2247166.4,151.8541913
2279934.4,151.854155
2312702.4,151.8541218
2345470.4,151.8540907
2378238.4,151.8540574
2443774.4,151.8539883
2509310.4,151.8539225
2574846.4,151.8538594
2640382.4,151.8537996
2705918.4,151.8537348
2771454.4,151.8536764
2836990.4,151.8536192
2853374.4,151.8536023
2861566.4,151.8536021
2877950.4,151.853585
2894334.4,151.8535708
2927102.4,151.8535448
2943486.4,151.8535279
2959870.4,151.8535153
2992638.4,151.8534881
3000830.4,151.8534801
3009022.4,151.8534755
3017214.4,151.8534677
3025406.4,151.8534646
3033598.4,151.8534591
3041790.4,151.8534502
3049982.4,151.8534416
3058174.4,151.853433
3066366.4,151.8534279
3082750.4,151.8534168
3099134.4,151.8534031
3115518.4,151.853395
3131902.4,151.8533783
3148286.4,151.853364
3164670.4,151.8533562
3181054.4,151.853339
3197438.4,151.8533321
3230206.4,151.8533022
3262974.4,151.8532779
3295742.4,151.8532571
3328510.4,151.8532332
3336702.4,151.8532247
3353086.4,151.8532174
3357182.4,151.8532117
3361278.4,151.8532121
3365374.4,151.8532038
3369470.4,151.8532043
3373566.4,151.8532012
3377662.4,151.8531959
3381758.4,151.8531964
3385854.4,151.8531937
3389950.4,151.8531884
3394046.4,151.8531885
3398142.4,151.8531832
3402238.4,151.8531803
3410430.4,151.853175
3418622.4,151.8531725
3426814.4,151.8531657
3435006.4,151.8531613
3443198.4,151.8531593
3451390.4,151.8531511
3459582.4,151.8531465
3467774.4,151.8531386
3475966.4,151.8531361
3484158.4,151.8531314
3492350.4,151.8531231
3500542.4,151.8531183
3508734.4,151.8531163
3525118.4,151.8531033
3557886.4,151.853086
3590654.4,151.8530661
3623422.4,151.8530449
3656190.4,151.8530255
3688958.4,151.8530092
3721726.4,151.8529906
3754494.4,151.8529771
3787262.4,151.8529546
3820030.4,151.8529356
3852798.4,151.8529239
3885566.4,151.8529073
3918334.4,151.8528883
3951102.4,151.8528749
3983870.4,151.852856
4016638.4,151.8528363
4049406.4,151.8528203
4114942.4,151.8527879
4180478.4,151.8527617
4246014.4,151.8527292
4262398.4,151.8527198
4295166.4,151.8527063
4299262.4,151.8527011
4307454.4,151.8527021
4323838.4,151.8526953
4356606.4,151.852676
4422142.4,151.8526486
4487678.4,151.8526163
4504062.4,151.8526097
4512254.4,151.8526074
4528638.4,151.8526007
4561406.4,151.8525807
4594174.4,151.8525664
4626942.4,151.8525555
4659710.4,151.8525425
4725246.4,151.8525139
4741630.4,151.8525069
4749822.4,151.8525014
4766206.4,151.8524925
4770302.4,151.8524832
4778494.4,151.8524839
4786686.4,151.8524773
4794878.4,151.8524788
4803070.4,151.8524766
4811262.4,151.8524712
4819454.4,151.852466
4827646.4,151.8524638
4835838.4,151.8524588
4852222.4,151.8524517
4868606.4,151.8524441
4884990.4,151.8524367
4901374.4,151.8524289
4917758.4,151.8524212
4934142.4,151.8524137
4950526.4,151.852409
4966910.4,151.8524014
4983294.4,151.8523945
4999678.4,151.8523875
5032446.4,151.8523724
5065214.4,151.8523569
5097982.4,151.8523449
5130750.4,151.8523298
5163518.4,151.8523143
5196286.4,151.8523017
5229054.4,151.8522863
5261822.4,151.8522713
5327358.4,151.8522428
5392894.4,151.8522206
5458430.4,151.8521923
5474814.4,151.8521844
5507582.4,151.8521686
5515774.4,151.8521694
5519870.4,151.8521694
5528062.4,151.8521611
5532158.4,151.8521615
5536254.4,151.8521617
5540350.4,151.852156
5544446.4,151.8521531
5548542.4,151.8521534
5552638.4,151.8521534
5556734.4,151.8521537
5560830.4,151.8521481
5564926.4,151.8521453
5569022.4,151.8521457
5573118.4,151.852146
5577214.4,151.8521403
5581310.4,151.8521406
5589502.4,151.8521378
5605886.4,151.8521331
5622270.4,151.8521247
5638654.4,151.8521168
5655038.4,151.8521089
5671422.4,151.8521038
5687806.4,151.8520958
5704190.4,151.8520875
5720574.4,151.8520793
5736958.4,151.8520798
5753342.4,151.8520713
5786110.4,151.852056
5818878.4,151.8520427
5851646.4,151.8520321
5884414.4,151.8520185
5917182.4,151.8520051
5949950.4,151.8519882
5982718.4,151.8519805
6015486.4,151.8519636
6081022.4,151.8519418
6146558.4,151.851917
6212094.4,151.8518917
6277630.4,151.8518635
6343166.4,151.8518377
6408702.4,151.8518122
6425086.4,151.8518064
6457854.4,151.8517982
6466046.4,151.8517893
6470142.4,151.8517895
6478334.4,151.8517894
6482430.4,151.8517895
6486526.4,151.8517804
6490622.4,151.8517806
6494718.4,151.8517807
6498814.4,151.8517809
6502910.4,151.851781
6511102.4,151.8517752
6519294.4,151.851772
6527486.4,151.8517662
6535678.4,151.8517665
6552062.4,151.8517578
6568446.4,151.8517486
6584830.4,151.851749
6601214.4,151.8517402
6633982.4,151.8517253
6666750.4,151.8517165
6674942.4,151.8517075
6691326.4,151.8517077
6699518.4,151.8516987
6703614.4,151.8516985
6707710.4,151.8516986
6711806.4,151.8516987
6719998.4,151.8516896
6728190.4,151.8516898
6736382.4,151.85169
6744574.4,151.851681
6752766.4,151.8516811
6769150.4,151.8516752
6785534.4,151.8516724
6801918.4,151.8516632
6818302.4,151.8516574
6834686.4,151.8516484
6867454.4,151.8516401
6900222.4,151.8516313
6932990.4,151.8516167
6965758.4,151.8516045
7031294.4,151.8515805
7096830.4,151.8515562
7162366.4,151.8515378
7227902.4,151.8515111
7358974.4,151.8514715
7490046.4,151.8514286
7522814.4,151.8514184
7531006.4,151.851418
7547390.4,151.8514116
7563774.4,151.8514032
7580158.4,151.8514032
7596542.4,151.8513938
7612926.4,151.8513937
7629310.4,151.8513842
7645694.4,151.8513776
7662078.4,151.8513779
7678462.4,151.8513686
7711230.4,151.851359
7743998.4,151.8513496
7776766.4,151.8513432
7809534.4,151.8513274
7842302.4,151.8513177
7875070.4,151.8513085
7907838.4,151.8512991
7940606.4,151.8512893
7973374.4,151.8512768
8006142.4,151.8512674
8038910.4,151.8512578
8071678.4,151.8512482
8104446.4,151.8512388
8137214.4,151.8512325
8169982.4,151.8512228
8202750.4,151.8512131
8235518.4,151.8511974
8268286.4,151.8511877
8301054.4,151.8511819
8366590.4,151.8511628
8497662.4,151.8511277
8628734.4,151.8510862
8759806.4,151.8510516
8890878.4,151.8510263
9021950.4,151.8509914
9153022.4,151.8509566
9284094.4,151.8509252
9316862.4,151.8509159
9325054.4,151.8509159
9341438.4,151.8509068
9357822.4,151.8509066
9374206.4,151.8509065
9390590.4,151.8508971
9406974.4,151.8508971
9423358.4,151.850891
9439742.4,151.8508878
9456126.4,151.8508818
9472510.4,151.8508815
9488894.4,151.8508723
9505278.4,151.8508723
9521662.4,151.8508661
9538046.4,151.8508627
9554430.4,151.8508567
9570814.4,151.8508567
9587198.4,151.8508475
9603582.4,151.8508473
9636350.4,151.8508378
9669118.4,151.8508318
9701886.4,151.8508223
9734654.4,151.8508131
9767422.4,151.8508071
9800190.4,151.8508038
9832958.4,151.8507946
9865726.4,151.8507886
9898494.4,151.8507791
9931262.4,151.8507698
9964030.4,151.8507635
10029566,151.8507483
10095102,151.8507297
10160638,151.8507204
10226174,151.8507048
10291710,151.8506904
10357246,151.8506719
10422782,151.8506624
10488318,151.8506471
10553854,151.8506289
10619390,151.8506135
10684926,151.8506039
10750462,151.8505894
10881534,151.8505653
11012606,151.8505378
11143678,151.8505078
11176446,151.8504988
11209214,151.850499
11225598,151.8504897
11258366,151.8504824
11291134,151.8504803
11299326,151.8504743
11307518,151.8504743
11315710,151.8504742
11323902,151.8504741
11332094,151.850474
11340286,151.8504646
11348478,151.850465
11364862,151.8504652
11397630,151.8504558
11430398,151.8504498
11463166,151.8504468
11495934,151.8504406
11528702,151.8504314
11561470,151.8504255
11594238,151.8504164
11627006,151.8504166
11692542,151.8504015
11758078,151.8503831
11823614,151.8503744
11889150,151.8503594
11905534,151.8503595
11921918,151.8503535
11938302,151.8503505
11954686,151.8503442
11971070,151.8503443
11987454,151.8503351
12003838,151.8503358
12036606,151.8503269
12102142,151.8503178
12167678,151.8503027
12233214,151.8502942
12364286,151.8502709
12495358,151.8502477
12626430,151.8502184
12757502,151.8501952
12888574,151.8501719
13019646,151.8501492
13150718,151.8501226
13281790,151.8500997
13314558,151.8500941
13318654,151.8500941
13326846,151.8500943
13330942,151.8500909
13335038,151.8500909
13343230,151.8500911
13359614,151.8500852
13392382,151.8500824
13457918,151.8500678
13588990,151.8500448
13720062,151.850022
13752830,151.8500162
13769214,151.8500133
13801982,151.8500079
13810174,151.8500081
13826558,151.8499993
13834750,151.8499994
13842942,151.8499994
13851134,151.8499993
13859326,151.8499992
13867518,151.8499932
13875710,151.8499934
13883902,151.8499904
13892094,151.8499906
13900286,151.8499907
13908478,151.8499909
13916670,151.849985
13924862,151.8499851
13933054,151.8499852
13949438,151.849982
13982206,151.8499765
14014974,151.8499677
14047742,151.8499622
14080510,151.8499594
14113278,151.8499539
14146046,151.8499453
14178814,151.8499395
14211582,151.8499369
14277118,151.8499225
14293502,151.8499228
14326270,151.849914
14334462,151.8499142
14350846,151.8499085
14354942,151.8499088
14359038,151.849909
14363134,151.8499089
14367230,151.849909
14375422,151.8499092
14383614,151.8499061
14391806,151.8499063
14399998,151.8499003
14408190,151.8499005
14416382,151.8499006
14432766,151.8499009
14449150,151.8498919
14465534,151.8498921
14498302,151.8498862
14506494,151.8498832
14510590,151.8498833
14514686,151.8498834
14518782,151.8498835
14522878,151.8498835
14531070,151.8498837
14539262,151.8498778
14547454,151.8498779
14555646,151.8498781
14572030,151.8498751
14588414,151.8498692
14604798,151.8498694
14621182,151.8498697
14637566,151.8498607
14670334,151.8498613
14703102,151.8498526
14735870,151.8498469
14768638,151.8498382
14801406,151.8498385
14866942,151.8498243
14932478,151.849816
14998014,151.8498017
15063550,151.8497932
15129086,151.8497793
15194622,151.849771
15260158,151.8497627
15325694,151.8497483
15391230,151.84974
15456766,151.8497255
15522302,151.8497176
15587838,151.8497094
15604222,151.8497033
15636990,151.8497008
15653374,151.8496949
15669758,151.8496952
15686142,151.8496921
15702526,151.8496863
15735294,151.8496869
15768062,151.8496782
15833598,151.8496699
15899134,151.8496557
15931902,151.8496561
15948286,151.8496564
15981054,151.8496468
16013822,151.8496413
16022014,151.8496419
16030206,151.8496389
16038398,151.8496391
16046590,151.849633
16054782,151.8496329
16062974,151.849633
16071166,151.8496331
16079358,151.8496332
16087550,151.8496334
16095742,151.8496273
16103934,151.8496242
16112126,151.8496243
16120318,151.8496244
16128510,151.8496244
16144894,151.8496186
16161278,151.8496189
16194046,151.84961
16226814,151.8496106
16259582,151.8496017
16292350,151.8495958
16325118,151.8495931
16357886,151.8495875
16390654,151.8495784
16423422,151.8495789
16456190,151.8495701
16488958,151.8495645
16554494,151.8495559
16620030,151.8495473
16685566,151.8495328
16751102,151.8495277
16816638,151.8495191
16882174,151.8495045
16947710,151.849496
17013246,151.8494875
17078782,151.8494727
17144318,151.8494644
17160702,151.8494646
17193470,151.8494589
17226238,151.8494563
17259006,151.8494506
17275390,151.8494474
17308158,151.8494417
17373694,151.8494329
17406462,151.8494272
17439230,151.8494184
17504766,151.8494099
17521150,151.8494101
17553918,151.849404
17619454,151.8493953
17635838,151.8493955
17652222,151.8493862
17668606,151.8493862
17701374,151.8493865
17717758,151.8493805
17750526,151.8493776
17816062,151.8493625
17848830,151.8493629
17914366,151.8551297
17979902,151.8602486
18045438,151.8656826
18110974,151.8681854
18115070,151.8704417
18119166,151.8719966
18123262,151.8732456
18127358,151.8743261
18131454,151.8751838
18135550,151.8756148
18143742,151.8763113
18160126,151.8778851
18176510,151.8813236
18192894,151.8841556
18209278,151.8867366
18225662,151.8891813
18242046,151.8915282
18258430,151.8938149
18274814,151.8954878
18291198,151.8966962
18323966,151.8989368
18356734,151.9030131
18389502,151.9059902
18422270,151.9084602
18455038,151.9116794
18487806,151.9158513
18520574,151.9200342
18553342,151.9240196
18586110,151.9270994
18618878,151.9294601
18651646,151.9315468
18684414,151.9345987
18717182,151.9385236
18749950,151.9424558
18815486,151.949941
18881022,151.9558109
18946558,151.9604931
19012094,151.9653976
19077630,151.9710735
19143166,151.9760538
19208702,151.9801226
19339774,151.9918658
19372542,151.9949928
19405310,151.9983813
19470846,152.0048883
19487230,152.0066039
19503614,152.008409
19536382,152.0117538
19601918,152.0172153
19667454,152.0215025
19683838,152.0227332
19700222,152.0240126
19732990,152.0262679
19765758,152.0275355
19798526,152.0287048
19831294,152.0314175
19896830,152.0364498
19929598,152.0387624
19962366,152.0408763
20027902,152.0427327
20093438,152.0456501
20158974,152.0517253
20290046,152.0633598
20421118,152.072788
20552190,152.0820118
20584958,152.0845455
20601342,152.0858567
20634110,152.088383
20650494,152.0894254
20666878,152.0903066
20683262,152.0908873
20699646,152.0911314
20716030,152.0918119
20732414,152.0925213
20748798,152.0932417
20765182,152.0924571
20781566,152.0913942
20797950,152.0914109
20830718,152.0921351
20863486,152.0932108
20896254,152.0945639
20961790,152.0974689
21027326,152.100384
21043710,152.1005438
21060094,152.1006399
21076478,152.0998268
21092862,152.0984449
21109246,152.0984179
21142014,152.0987227
21174782,152.0998199
21207550,152.1012383
21273086,152.1046013
21338622,152.108188
21404158,152.111769
21469694,152.1152483
21535230,152.118575
21600766,152.1217529
21666302,152.124712
21731838,152.1262189
21797374,152.1269494
21862910,152.1287698
21928446,152.1309562
21993982,152.1330714
22059518,152.1350873
22092286,152.1339974
22125054,152.1340656
22190590,152.1352255
22321662,152.1380659
22354430,152.1370021
22419966,152.141386
22485502,152.1492891
22551038,152.1535879
22567422,152.1564331
22583806,152.1587975
22600190,152.1608696
22632958,152.1644893
22665726,152.165818
22698494,152.1654894
22764030,152.1670982
22829566,152.1730627
22895102,152.1787909
22960638,152.1838278
23026174,152.188411
23091710,152.1917255
23157246,152.1941288
23222782,152.1955802
23255550,152.1963391
23271934,152.1968459
23304702,152.1980318
23321086,152.1986144
23337470,152.1984225
23353854,152.198645
23370238,152.1989494
23386622,152.1992553
23403006,152.199556
23419390,152.1998478
23435774,152.2003519
23452158,152.2012226
23468542,152.2022817
23484926,152.2031372
23501310,152.2014482
23517694,152.2020547
23534078,152.202748
23566846,152.2044404
23599614,152.206072
23632382,152.2076031
23665150,152.209046
23697918,152.2104276
23730686,152.2116212
23763454,152.2127695
23796222,152.2138571
23828990,152.2149006
23861758,152.2158994
23894526,152.2168903
23927294,152.2154338
23960062,152.214986
23992830,152.2154834
24058366,152.2166601
24123902,152.2177071
24189438,152.2186424
24254974,152.2194614
24320510,152.2201469
24386046,152.2204597
24451582,152.2204878
24517118,152.2205578
24582654,152.2205777
24648190,152.2203334
24713726,152.219767
24779262,152.2190329
24844798,152.2178772
24910334,152.2163532
25041406,152.2143977
25172478,152.212026
25303550,152.2091621
25434622,152.2058167
25565694,152.2032937
25696766,152.202176
25827838,152.1980449
25958910,152.1902199
26089982,152.1871598
26122750,152.1867823
26188286,152.1813338
26253822,152.177981
26270206,152.177891
26302974,152.177977
26319358,152.1778134
26327550,152.1778468
26335742,152.1770913
26343934,152.1760062
26352126,152.1752326
26360318,152.1746001
26368510,152.1740253
26376702,152.1734739
26393086,152.1724777
26409470,152.1724477
26425854,152.17246
26442238,152.1723956
26458622,152.1696964
26459646,152.1695717
26460670,152.1695821
26462718,152.1695945
26466814,152.1696153
26475006,152.169655
26491390,152.1697378
26524158,152.1699365
26556926,152.1698859
26589694,152.169903
26622462,152.1700349
26655230,152.1701875
26687998,152.1703639
26720766,152.1705076
26753534,152.170627
26819070,152.1709067
26884606,152.1712024
26950142,152.1714341
27015678,152.1717663
27081214,152.1720338
27146750,152.1720978
27212286,152.1720514
27277822,152.1722502
27343358,152.1723404
27408894,152.1724018
27474430,152.1725011
27605502,152.1728017
27736574,152.173136
27867646,152.173483
27998718,152.1738314
28031486,152.1738796
28064254,152.1739549
28129790,152.1742015
28195326,152.174217
28211710,152.1742252
28228094,152.1742335
28244478,152.1742533
28277246,152.1743054
28310014,152.1742986
28342782,152.1741661
28408318,152.1742662
28473854,152.1743835
28604926,152.1745247
28637694,152.1743135
28670462,152.174311
28703230,152.1743385
28719614,152.1743471
28727806,152.1743546
28744190,152.1743698
28760574,152.1743849
28776958,152.1744001
28809726,152.1744074
28842494,152.1744206
28908030,152.1740235
28973566,152.1733489
29039102,152.1732963
29170174,152.1732879
29301246,152.1733033
29432318,152.173343
29563390,152.1733987
29694462,152.1734554
29825534,152.1735092
29956606,152.173676
30087678,152.1736579
30120446,152.173868
30136830,152.1740025
30169598,152.1738963
30202366,152.173651
30235134,152.1736294
30267902,152.1735797
30300670,152.1736771
30333438,152.173609
30366206,152.1734587
30398974,152.1732829
30431742,152.1732558
30464510,152.1732561
30497278,152.173261
30530046,152.1732619
30562814,152.1732687
30595582,152.173297
30628350,152.1733594
30661118,152.1733706
30693886,152.1732286
30759422,152.1731938
30824958,152.1731891
30890494,152.1731874
30956030,152.1731987
31021566,152.1730855
31087102,152.1730715
31152638,152.1730747
31218174,152.1730041
31283710,152.1728797
31349246,152.1728924
31414782,152.1725346
31480318,152.172409
31611390,152.1723037
31742462,152.1722007
31873534,152.1719777
32004606,152.1718191
32135678,152.1712957
32168446,152.1711871
32201214,152.1711103
32266750,152.1709915
32332286,152.1708478
32397822,152.170738
32463358,152.1706246
32528894,152.1705183
32594430,152.1701005
32659966,152.1699531
32725502,152.1701071
32791038,152.169747
32856574,152.1696273
32922110,152.1693837
32987646,152.1687664
33053182,152.1685519
33118718,152.1683755
33184254,152.1682468
33249790,152.1681559
33266174,152.1680937
33282558,152.1680728
33298942,152.1680873
33315326,152.1681474
33348094,152.1676888
33380862,152.1674773
33446398,152.1673427
33577470,152.1668965
33708542,152.1664022
33839614,152.1660258
33970686,152.1656948
34101758,152.1654502
34232830,152.1650998
34363902,152.1647154
34494974,152.1644114
34757118,152.1637996
35019262,152.1632006
35281406,152.1625618
35543550,152.1617549
35805694,152.1606185
36067838,152.1594713
36329982,152.1582794
36592126,152.1572496
36854270,152.1561682
36919806,152.1558949
36952574,152.155757
36985342,152.1556265
37001726,152.1555581
37018110,152.1554932
37050878,152.1553521
37083646,152.15521
37149182,152.1549441
37280254,152.1544119
37411326,152.1538401
37542398,152.1533112
37673470,152.1528506
37804542,152.1520329
37935614,152.1514701
38197758,152.150397
38459902,152.1493646
38722046,152.1483649
38984190,152.1474106
39246334,152.1467035
39508478,152.145853
39574014,152.1456162
39705086,152.1452768
39713278,152.1452573
39729662,152.1452201
39737854,152.1451986
39746046,152.1451739
39754238,152.1451486
39762430,152.1451245
39778814,152.1450678
39795198,152.1450104
39811582,152.1449493
39827966,152.1448976
39844350,152.1448455
39877118,152.144749
39909886,152.1446463
39942654,152.1445438
39975422,152.1444603
40008190,152.1444035
40040958,152.1443394
40073726,152.1440724
40106494,152.1444676
40172030,152.1451179
40188414,152.1453032
40221182,152.1456719
40237566,152.1458405
40253950,152.1456077
40270334,152.1455768
40286718,152.1456013
40303102,152.1456326
40319486,152.1456622
40335870,152.145632
40352254,152.1456088
40368638,152.1456176
40385022,152.1456438
40401406,152.1456405
40417790,152.1455389
40450558,152.1454801
40483326,152.1453928
40516094,152.1453274
40548862,152.1452808
40581630,152.1451854
40614398,152.1450305
40647166,152.1447754
40679934,152.1446264
40712702,152.1445364
40745470,152.14438
40778238,152.1441309
40843774,152.1438452
40909310,152.1435384
40974846,152.1432169
41040382,152.1429236
41105918,152.1426275
41171454,152.1423407
41236990,152.1420776
41302526,152.1418244
41368062,152.1415667
41433598,152.1412728
41499134,152.1408759
41564670,152.1405893
41695742,152.1404257
41826814,152.140669
41957886,152.140146
42088958,152.1393844
42121726,152.1392178
42187262,152.1388889
42252798,152.1388965
42318334,152.1390047
42383870,152.1389664
42449406,152.1388118
42514942,152.1385944
42580478,152.1383225
42646014,152.1380208
42711550,152.1377183
42777086,152.1374046
42842622,152.137113
42908158,152.1371688
42973694,152.1362632
43039230,152.1356242
43055614,152.1355164
43071998,152.1354226
43088382,152.1353405
43104766,152.1352743
43121150,152.1351885
43137534,152.1349792
43170302,152.1347652
43235838,152.1343823
43301374,152.1340232
43366910,152.1336131
43432446,152.1331726
43497982,152.1327664
43563518,152.1323997
43629054,152.1320622
43694590,152.1315296
43825662,152.1307414
43956734,152.1299149
44087806,152.1291189
44218878,152.1283262
44349950,152.1275828
44481022,152.1268825
44612094,152.1265989
44743166,152.1262964
44874238,152.1260514
45136382,152.1250023
45398526,152.1235378
45660670,152.1219724
45922814,152.1203533
45988350,152.1199536
46119422,152.1191739
46250494,152.1184556
46381566,152.1174606
46512638,152.1165951
46643710,152.1159693
46774782,152.1152429
46905854,152.1142842
47036926,152.1134998
47299070,152.1119933
47561214,152.1105492
47823358,152.1091569
48085502,152.1078332
48347646,152.1065496
48609790,152.105166
48871934,152.1040521
49134078,152.1031456
49396222,152.1024748
49658366,152.1016638
49920510,152.1008337
50182654,152.1000461
50444798,152.0992227
50706942,152.098398
50969086,152.0976373
51231230,152.0968522
51493374,152.0959406
51755518,152.0949127
51821054,152.0946993
51853822,152.0945902
51886590,152.0945587
51952126,152.0945707
52017662,152.094098
52083198,152.093886
52148734,152.093742
52214270,152.0935133
52279806,152.0933596
52345342,152.0932265
52410878,152.0930971
52476414,152.0929811
52541950,152.0928777
52607486,152.0927919
52673022,152.0926635
52738558,152.0924092
52804094,152.0922648
52935166,152.0919928
53066238,152.0917583
53197310,152.0915453
53328382,152.0911399
53459454,152.0908962
53590526,152.0907097
53721598,152.0904285
53852670,152.0901688
53983742,152.0898058
54114814,152.089633
54245886,152.0894611
54376958,152.0892907
54508030,152.0891396
54540798,152.0891158
54557182,152.0891055
54589950,152.0890828
54606334,152.0890631
54622718,152.0890161
54655486,152.0889424
54688254,152.0888802
54753790,152.0887712
54819326,152.0886713
54884862,152.0885989
54950398,152.0883629
55015934,152.0881849
55081470,152.0880653
55147006,152.0879592
55212542,152.0879091
55278078,152.0880935
55343614,152.0881871
55359998,152.088199
55376382,152.0881912
55409150,152.0881552
55441918,152.0881212
55474686,152.0882804
55507454,152.0884751
55540222,152.0881957
55572990,152.0880366
55605758,152.0880438
55638526,152.0878412
55671294,152.0877813
55704062,152.0877594
55736830,152.0877345
55769598,152.087729
55802366,152.0876775
55835134,152.08752
55867902,152.0872267
55933438,152.0871177
55998974,152.0870209
56064510,152.0869375
56130046,152.0868507
56195582,152.0867667
56261118,152.0867074
56326654,152.0866181
56392190,152.0865068
56457726,152.0863239
56523262,152.0861185
56556030,152.0860576
56621566,152.0859533
56654334,152.0859041
56719870,152.0858045
56785406,152.0857113
56916478,152.0855326
57047550,152.0853614
57178622,152.0851979
57309694,152.0850772
57440766,152.0847685
57571838,152.0843587
57604606,152.0843286
57637374,152.0843178
57702910,152.0841068
57768446,152.0839622
57899518,152.083764
58030590,152.0835819
58063358,152.0835404
58079742,152.0835199
58112510,152.0834803
58178046,152.0827249
58243582,152.0813876
58374654,152.0809041
58505726,152.0805261
58636798,152.0802112
58669566,152.0801392
58735102,152.0799508
58800638,152.0797616
58833406,152.0796776
58866174,152.0795931
58931710,152.0794452
58997246,152.0793096
59128318,152.0790542
59259390,152.0788199
59390462,152.0786087
59423230,152.0785603
59488766,152.0784626
59554302,152.0783677
59685374,152.0771241
59816446,152.0757398
59849214,152.0755945
59914750,152.0753888
59980286,152.0751202
60045822,152.0748355
60062206,152.0747779
60094974,152.0746837
60160510,152.0747712
60226046,152.0747774
60291582,152.0747283
60357118,152.0746151
60422654,152.0743882
60553726,152.0742088
60684798,152.074038
60717566,152.0739946
60783102,152.0731982
60848638,152.0725733
60979710,152.0722799
61241854,152.0720539
61307390,152.0720058
61323774,152.0719865
61356542,152.0719634
61422078,152.0719283
61487614,152.0718965
61618686,152.0718443
61880830,152.071807
61946366,152.0718167
61962750,152.0716767
61995518,152.071631
62061054,152.0715994
62093822,152.0715897
62159358,152.0715766
62192126,152.0715714
62257662,152.0715583
62323198,152.0715502
62454270,152.0715414
62716414,152.0714403
62732798,152.0714244
62765566,152.0709063
62798334,152.0703792
62863870,152.0702396
62896638,152.0702051
62962174,152.0701559
63027710,152.070114
63158782,152.0700583
63224318,152.0700314
63257086,152.0700244
63322622,152.0700128
63388158,152.0700033
63519230,152.0700066
63535614,152.0700073
63568382,152.0699956
63584766,152.0699683
63617534,152.0699351
63683070,152.0696419
63748606,152.0694091
63781374,152.0693567
63797758,152.069338
63830526,152.0693128
63896062,152.0692825
63928830,152.0692613
63945214,152.069256
63977982,152.0692469
64043518,152.0692353
64109054,152.0692307
64240126,152.0692281
64305662,152.0692232
64338430,152.0692262
64354814,152.0692279
64387582,152.069207
64420350,152.0691765
64485886,152.069145
64616958,152.0690451
64748030,152.0689344
64764414,152.0689248
64797182,152.0689074
64862718,152.0688701
64928254,152.0688259
64961022,152.06881
64977406,152.0688023
65010174,152.0687876
65075710,152.0687552
65141246,152.0687316
65272318,152.068689
65403390,152.0686725
65436158,152.0686675
65501694,152.068653
65567230,152.0686377
65599998,152.0686362
65665534,152.0686328
65731070,152.0686407
65763838,152.0685725
65796606,152.0685329
65862142,152.0685115
65878526,152.0685148
65911294,152.0685237
65976830,152.0684013
66042366,152.0682923
66075134,152.0682719
66140670,152.068249
66271742,152.0681956
66402814,152.0681365
66435582,152.0681241
66501118,152.0680949
66632190,152.0680426
66664958,152.0680166
66730494,152.0679866
66861566,152.0679295
66927102,152.0679052
67058174,152.0678732
67189246,152.0679389
67222014,152.0680343
67287550,152.0678588
67353086,152.06768
67418622,152.0676598
67484158,152.0676933
67549694,152.067603
67615230,152.0675846
67680766,152.0675668
67746302,152.0675483
67811838,152.0675228
67877374,152.0674435
67942910,152.0673979
68008446,152.0670972
68073982,152.0669828
68139518,152.0668718
68270590,152.0667784
68401662,152.0666917
68532734,152.0666168
68663806,152.0665385
68794878,152.0664663
68925950,152.0664113
69057022,152.0663386
69188094,152.0661212
69319166,152.0659362
69581310,152.065736
69646846,152.0656192
69777918,152.0655189
70040062,152.0650863
70105598,152.0650213
70236670,152.0651068
70367742,152.0648142
70400510,152.064793
70433278,152.0647726
70466046,152.0647538
70498814,152.064727
70531582,152.064623
70564350,152.0641183
70597118,152.06371
70662654,152.0635611
70728190,152.0634497
70793726,152.0632969
70859262,152.0631907
70924798,152.0631037
70990334,152.0630179
71055870,152.0629453
71121406,152.062884
71186942,152.0628373
71252478,152.0628364
71318014,152.0626794
71449086,152.0624266
71580158,152.0622278
71711230,152.062068
71842302,152.0619211
71973374,152.0611616
72104446,152.0608053
72235518,152.0606296
72366590,152.0604748
72497662,152.0603469
72628734,152.0602906
72759806,152.0600369
73021950,152.059657
73284094,152.0588244
73546238,152.0584317
73808382,152.0580904
73873918,152.0580149
74004990,152.0579074
74037758,152.0578874
74103294,152.0578565
74136062,152.0578367
74168830,152.0577927
74201598,152.0577245
74234366,152.0576691
74267134,152.0576116
74299902,152.0575626
74332670,152.0575192
74365438,152.0574802
74398206,152.0574442
74430974,152.0574087
74496510,152.0573382
74562046,152.057263
74627582,152.0571921
74758654,152.0570684
74889726,152.056964
75020798,152.056682
75151870,152.0561721
75282942,152.0560551
75414014,152.0560453
75545086,152.0558329
75577854,152.0558155
75594238,152.0558008
75610622,152.0557883
75627006,152.0557766
75643390,152.0557604
75659774,152.0557248
75676158,152.0557042
75692542,152.0556884
75708926,152.0556749
75741694,152.0556518
75774462,152.0556234
75807230,152.0555984
75872766,152.0555706
75938302,152.055399
76003838,152.0553032
76069374,152.0552159
76134910,152.0551411
76265982,152.05474
76397054,152.0544538
76528126,152.0543305
76659198,152.0542374
76790270,152.0541326
77052414,152.0538016
77314558,152.0534194
77576702,152.0529707
77838846,152.0526299
77904382,152.0519999
77969918,152.0400018
78035454,152.0277155
78100990,152.0151445
78166526,152.0021507
78232062,151.9891514
78297598,151.9763546
78363134,151.9634432
78494206,151.9378424
78625278,151.9112084
78756350,151.8838233
78887422,151.8565197
79018494,151.82979
79149566,151.8033149
79280638,151.7771194
79411710,151.7510834
79542782,151.7252189
79673854,151.6995294
79804926,151.6733032
79935998,151.6460995
80067070,151.6189486
80099838,151.6121495
80165374,151.5986305
80230910,151.5852002
80296446,151.5719005
80361982,151.558751
80427518,151.5458458
80493054,151.5329051
80558590,151.5197405
80624126,151.5069423
80755198,151.4814392
80886270,151.454966
81017342,151.4299802
81148414,151.4034972
81279486,151.3778103
81410558,151.3524662
81541630,151.3274843
81803774,151.2777383
82065918,151.2261025
82131454,151.2135898
82196990,151.2012184
82328062,151.1767281
82459134,151.1524062
82590206,151.1281842
82721278,151.1040043
82852350,151.0800339
82983422,151.0564151
83114494,151.0331216
83245566,151.0096195
83376638,150.9862788
83409406,150.9801442
83474942,150.96806
83540478,150.9562392
83606014,150.9444963
83671550,150.9321604
83737086,150.9199333
83802622,150.907768
83868158,150.8956526
83933694,150.8834899
83999230,150.8712893
84064766,150.8589977
84130302,150.8467744
84195838,150.8345635
84261374,150.8223882
84326910,150.8102453
84392446,150.7984454
84457982,150.7865236
84589054,150.7629171
84720126,150.7395787
84851198,150.7149565
84982270,150.6890315
85113342,150.6638969
85146110,150.6576178
85178878,150.6513235
85211646,150.6450671
85244414,150.6388555
85277182,150.6326822
85309950,150.626528
85342718,150.6204055
85375486,150.6143047
85408254,150.6082178
85441022,150.6021555
85473790,150.5963296
85506558,150.5900467
85572094,150.5777252
85703166,150.5535313
85834238,150.5296226
86096382,150.4823643
86358526,150.4353009
86620670,150.3886057
86882814,150.3421455
87144958,150.295602
87407102,150.249434
87669246,150.2035596
87931390,150.1579646
88193534,150.1136931
88455678,150.0680576
88717822,150.022675
88979966,149.9771249
89242110,149.931366
89504254,149.8851245
89766398,149.8390155
90028542,149.7924951
90290686,149.7459927
90552830,149.6995093
90814974,149.6530222
91077118,149.6066389
91339262,149.5606941
91601406,149.5169014
91863550,149.4718348
92125694,149.4270418
92387838,149.3835171
92649982,149.3389947
92912126,149.2963326
93174270,149.251368
93436414,149.2066461
93698558,149.162156
93764094,149.1510852
93895166,149.1292815
93960702,149.1184433
93993470,149.1130387
94009854,149.1102945
94026238,149.1075701
94042622,149.1048315
94059006,149.1021038
94075390,149.0993873
94108158,149.0939284
94140926,149.0884156
94173694,149.0829721
94206462,149.0775283
94271998,149.0666647
94403070,149.0450017
94534142,149.0233759
94665214,149.0019363
94796286,148.9807595
94927358,148.9595677
95189502,148.9159322
95451646,148.8722055
95713790,148.8284409
95975934,148.784785
96041470,148.7735925
96074238,148.7680431
96139774,148.7569552
96172542,148.7514375
96205310,148.7459946
96238078,148.7406137
96270846,148.7352223
96303614,148.7298475
96336382,148.7244778
96369150,148.7190921
96434686,148.708283
96500222,148.697498
96565758,148.6868183
96631294,148.6760407
96696830,148.6650686
96827902,148.6432629
96958974,148.6215099
97090046,148.6000684
97221118,148.5787137
97352190,148.5575883
97483262,148.5365762
97745406,148.4920975
98007550,148.4503724
98269694,148.4085368
98531838,148.3667688
98793982,148.3251449
99056126,148.2838334
99318270,148.2434426
99580414,148.204051
99842558,148.1633059
1.00E+08,148.1197905
1.00E+08,148.0776657
1.00E+08,148.0570221
1.01E+08,148.0518794
1.01E+08,148.0373134
1.01E+08,148.0292406
1.01E+08,148.0200436
1.01E+08,148.0094589
1.01E+08,147.9986942
1.01E+08,147.9875737
1.01E+08,147.9780392
1.01E+08,147.9675439
1.01E+08,147.9570176
1.01E+08,147.9464819
1.01E+08,147.9359445
1.01E+08,147.9253854
1.01E+08,147.9147788
1.01E+08,147.9040181
1.01E+08,147.9011877
1.01E+08,147.8983415
1.01E+08,147.8954596
1.02E+08,147.8925123
1.02E+08,147.8892244
1.02E+08,147.8885309
1.02E+08,147.8862716
1.02E+08,147.8810854
1.02E+08,147.8706711
1.02E+08,147.8498354
1.02E+08,147.8290389
1.02E+08,147.8084384
1.02E+08,147.7880971
1.02E+08,147.7694227
1.02E+08,147.7493252
1.03E+08,147.7285239
1.03E+08,147.7075189
1.03E+08,147.6868551
1.03E+08,147.6673481
1.03E+08,147.647041
1.03E+08,147.6268827
1.03E+08,147.5867628
1.04E+08,147.5456753
1.04E+08,147.5045144
1.04E+08,147.4632127
1.05E+08,147.4218721
1.05E+08,147.4114792
1.05E+08,147.4010966
1.05E+08,147.3804411
1.05E+08,147.3599654
1.05E+08,147.3397755
1.05E+08,147.3193475
1.05E+08,147.2984505
1.05E+08,147.2807529
1.06E+08,147.2401921
1.06E+08,147.1994008
1.06E+08,147.1584098
1.07E+08,147.1173713
1.07E+08,147.0767663
1.07E+08,146.9967435
1.07E+08,146.9769898
1.08E+08,146.957973
1.08E+08,146.9363787
1.08E+08,146.8940676
1.08E+08,146.8524675
1.08E+08,146.8113755
1.09E+08,146.7306708
1.09E+08,146.7113259
1.09E+08,146.6913542
1.09E+08,146.6701189
1.10E+08,146.6282834
1.10E+08,146.586708
1.10E+08,146.5762744
1.10E+08,146.5710571
1.10E+08,146.5684439
1.10E+08,146.5588571
1.10E+08,146.545295
1.10E+08,146.5293483
1.10E+08,146.5119866
1.10E+08,146.4945096
1.10E+08,146.4769707
1.10E+08,146.4592426
1.11E+08,146.4431436
1.11E+08,146.4287297
1.11E+08,146.3943009
1.11E+08,146.3596557
1.11E+08,146.3251013
1.11E+08,146.2904394
1.11E+08,146.2562624
1.11E+08,146.2218599
1.12E+08,146.1854499
1.12E+08,146.1130313
1.12E+08,146.0406865
1.12E+08,145.9686556
1.13E+08,145.8971296
1.13E+08,145.8271548
1.13E+08,145.7570658
1.13E+08,145.6865916
1.14E+08,145.6162044
1.14E+08,145.5449163
1.14E+08,145.4757083
1.14E+08,145.4079966
1.14E+08,145.3909565
1.15E+08,145.3740523
1.15E+08,145.3572795
1.15E+08,145.3489326
1.15E+08,145.340604
1.15E+08,145.3364401
1.15E+08,145.3281323
1.15E+08,145.3270876
1.15E+08,145.3250164
1.15E+08,145.3229404
1.15E+08,145.3187939
1.15E+08,145.3105219
1.15E+08,145.3021097
1.15E+08,145.2937098
1.15E+08,145.2770741
1.15E+08,145.2604673
1.15E+08,145.2273291
1.15E+08,145.2210086
1.15E+08,145.2129359
1.15E+08,145.1974729
1.15E+08,145.1814298
1.15E+08,145.1486642
1.15E+08,145.1322688
1.16E+08,145.1240658
1.16E+08,145.1199552
1.16E+08,145.1158569
1.16E+08,145.1077824
1.16E+08,145.0997366
1.16E+08,145.091655
1.16E+08,145.0835949
1.16E+08,145.0755559
1.16E+08,145.0593537
1.16E+08,145.0430248
1.16E+08,145.0266144
1.16E+08,145.0103913
1.16E+08,145.002376
1.16E+08,144.9944642
1.16E+08,144.9905352
1.16E+08,144.9827621
1.16E+08,144.9750365
1.16E+08,144.9711778
1.16E+08,144.9692529
1.16E+08,144.9673264
1.16E+08,144.9634841
1.16E+08,144.9558608
1.16E+08,144.9483413
1.16E+08,144.9333365
1.16E+08,144.9034992
1.17E+08,144.8739071
1.17E+08,144.8569673
1.17E+08,144.8437149
1.17E+08,144.8140231
1.17E+08,144.7851317
1.17E+08,144.7280777
1.17E+08,144.6681407
1.18E+08,144.6088887
1.18E+08,144.5503839
1.18E+08,144.5212191
1.18E+08,144.5065538
1.18E+08,144.4774636
1.18E+08,144.4701714
1.18E+08,144.4665285
1.18E+08,144.4593832
1.18E+08,144.4524064
1.18E+08,144.4454602
1.19E+08,144.4317525
1.19E+08,144.4179993
1.19E+08,144.4038503
1.19E+08,144.3892842
1.19E+08,144.374976
1.19E+08,144.3461737
1.19E+08,144.3174241
1.19E+08,144.2885979
1.19E+08,144.2605731
1.19E+08,144.2321636
1.20E+08,144.203637
1.20E+08,144.1754668
1.20E+08,144.1475462
1.20E+08,144.1194847
1.20E+08,144.0633697
1.21E+08,144.0076752
1.21E+08,143.9553609
1.21E+08,143.9035196
1.21E+08,143.8548719
1.22E+08,143.8042437
1.22E+08,143.7530096
1.22E+08,143.650023
1.23E+08,143.5478324
1.23E+08,143.4460204
1.24E+08,143.3436606
1.24E+08,143.2419973
1.25E+08,143.1401803
1.26E+08,143.0383788
1.26E+08,143.0128262
1.26E+08,142.9616139
1.26E+08,142.9488085
1.26E+08,142.9231684
1.26E+08,142.897529
1.26E+08,142.8718768
1.26E+08,142.8462262
1.27E+08,142.7949106
1.27E+08,142.7438382
1.27E+08,142.6927877
1.28E+08,142.6416383
1.28E+08,142.5904687
1.28E+08,142.5391529
1.28E+08,142.4889388
1.29E+08,142.4395295
1.29E+08,142.3895314
1.29E+08,142.2880213
1.30E+08,142.1881811
1.30E+08,142.1628013
1.30E+08,142.1121735
1.30E+08,142.0868488
1.30E+08,142.074225
1.31E+08,142.0606478
1.31E+08,142.0473293
1.31E+08,142.021142
1.31E+08,141.9951842
1.31E+08,141.9436698
1.31E+08,141.891884
1.32E+08,141.8409105
1.32E+08,141.7913367
1.32E+08,141.7409894
1.32E+08,141.6909894
1.33E+08,141.5916105
1.33E+08,141.4922713
1.34E+08,141.3927258
1.35E+08,141.2947175
1.35E+08,141.1966133
1.36E+08,141.0990114
1.36E+08,141.0018443
1.37E+08,140.9054951
1.37E+08,140.8101343
1.38E+08,140.7170571
1.38E+08,140.6216703
1.39E+08,140.5292231
1.39E+08,140.4386666
1.40E+08,140.3485422
1.40E+08,140.2577869
1.41E+08,140.1685214
1.41E+08,140.146346
1.41E+08,140.1006202
1.41E+08,140.089027
1.41E+08,140.0831988
1.41E+08,140.0718183
1.41E+08,140.0607758
1.42E+08,140.0499025
1.42E+08,140.0387768
1.42E+08,140.0161446
1.42E+08,139.9937738
1.42E+08,139.9713391
1.42E+08,139.9483867
1.42E+08,139.9264352
1.43E+08,139.8822411
1.43E+08,139.8381708
1.43E+08,139.7939831
1.43E+08,139.7518417
1.44E+08,139.7109127
1.44E+08,139.6687686
1.44E+08,139.6264085
1.45E+08,139.5415423
1.45E+08,139.4568299
1.45E+08,139.4355338
1.45E+08,139.4244442
1.45E+08,139.4014542
1.46E+08,139.3898414
1.46E+08,139.3840155
1.46E+08,139.3810935
1.46E+08,139.3796828
1.46E+08,139.3783285
1.46E+08,139.3757694
1.46E+08,139.3732861
1.46E+08,139.3706899
1.46E+08,139.3659055
1.46E+08,139.3613338
1.46E+08,139.3511983
1.46E+08,139.3305492
1.46E+08,139.3099148
1.46E+08,139.2887917
1.46E+08,139.267443
1.46E+08,139.2467307
1.47E+08,139.2044469
1.47E+08,139.1619938
1.47E+08,139.1187629
1.47E+08,139.076902
1.48E+08,139.0347275
1.48E+08,138.9491928
1.49E+08,138.86409
1.49E+08,138.780854
1.50E+08,138.696967
1.50E+08,138.6152969
1.51E+08,138.5332306
1.51E+08,138.4497871
1.52E+08,138.3665268
1.52E+08,138.2870975
1.53E+08,138.2071656
1.54E+08,138.1279296
1.54E+08,138.0485234
1.55E+08,137.9676192
1.55E+08,137.8862117
1.56E+08,137.8044729
1.56E+08,137.7247802
1.56E+08,137.705449
1.56E+08,137.6858074
1.57E+08,137.6459722
1.57E+08,137.6051512
1.57E+08,137.5643727
1.57E+08,137.5238532
1.58E+08,137.4837139
1.58E+08,137.4440987
1.58E+08,137.4053738
1.58E+08,137.3674913
1.59E+08,137.3300261
1.59E+08,137.2931547
1.59E+08,137.2567537
1.60E+08,137.2201404
1.60E+08,137.1835805
1.60E+08,137.112071
1.61E+08,137.0394027
1.61E+08,136.9681606
1.62E+08,136.8962385
1.62E+08,136.878188
1.62E+08,136.869146
1.62E+08,136.8509693
1.62E+08,136.8142523
1.63E+08,136.7770665
1.63E+08,136.7586056
1.63E+08,136.7401819
1.63E+08,136.7309558
1.63E+08,136.7124358
1.63E+08,136.6754361
1.64E+08,136.6387715
1.64E+08,136.6025005
1.65E+08,136.5294679
1.65E+08,136.4561851
1.66E+08,136.3851206
1.66E+08,136.3133325
1.67E+08,136.2436196
1.67E+08,136.1731873
1.68E+08,136.1027609
1.68E+08,136.0321578
1.69E+08,135.9633999
1.69E+08,135.8978929
1.70E+08,135.8307439
1.70E+08,135.762622
1.71E+08,135.6934407
1.71E+08,135.6232151
1.72E+08,135.551782
1.72E+08,135.5338879
1.72E+08,135.4974131
1.72E+08,135.4877992
1.72E+08,135.4683584
1.72E+08,135.4634932
1.72E+08,135.4610608
1.73E+08,135.4563751
1.73E+08,135.4521408
1.73E+08,135.4481994
1.73E+08,135.4441161
1.73E+08,135.4352365
1.73E+08,135.427008
1.73E+08,135.40968
1.73E+08,135.3750935
1.73E+08,135.3415564
1.74E+08,135.3079301
1.74E+08,135.2729456
1.74E+08,135.2405011
1.75E+08,135.1734675
1.75E+08,135.1056854
1.76E+08,135.0383504
1.76E+08,134.9684656
1.77E+08,134.8995483
1.77E+08,134.8288271
1.78E+08,134.7603532
1.78E+08,134.7425714
1.78E+08,134.7238452
1.78E+08,134.7143986
1.78E+08,134.7096577
1.78E+08,134.7002646
1.78E+08,134.6981738
1.78E+08,134.6963974
1.78E+08,134.6925643
1.78E+08,134.6889525
1.78E+08,134.6847447
1.78E+08,134.6764299
1.79E+08,134.6685532
1.79E+08,134.6518162
1.79E+08,134.6178466
1.79E+08,134.5840277
1.79E+08,134.5492528
1.80E+08,134.5128835
1.80E+08,134.4794395
1.81E+08,134.4093951
1.81E+08,134.3412959
1.82E+08,134.2744809
1.82E+08,134.2074331
1.83E+08,134.1395934
1.83E+08,134.0746432
1.84E+08,134.0112935
1.84E+08,133.9464664
1.85E+08,133.8812474
1.85E+08,133.8161337
1.86E+08,133.751264
1.86E+08,133.687323
1.87E+08,133.6244242
1.87E+08,133.5612586
1.88E+08,133.4968017
1.88E+08,133.4293249
1.89E+08,133.3641768
1.89E+08,133.300748
1.90E+08,133.2368014
1.90E+08,133.2206476
1.90E+08,133.1894034
1.91E+08,133.1587979
1.91E+08,133.128573
1.91E+08,133.0689763
1.92E+08,133.0098669
1.92E+08,132.9507543
1.93E+08,132.8922913
1.93E+08,132.8328047
1.94E+08,132.7731608
1.95E+08,132.7127041
1.95E+08,132.6521984
1.96E+08,132.5935171
1.96E+08,132.5348093
1.97E+08,132.4184836
1.98E+08,132.2949747
1.99E+08,132.1798511
2.00E+08,132.0659743
2.01E+08,132.0370899
2.01E+08,131.9768764
2.02E+08,131.9186963
2.02E+08,131.8615614
2.03E+08,131.8029094
2.03E+08,131.742668
2.04E+08,131.6838221
2.04E+08,131.6297556
2.05E+08,131.5718422
2.05E+08,131.5154565
2.06E+08,131.4023108
2.07E+08,131.2918402
2.08E+08,131.1791842
2.09E+08,131.0668796
2.11E+08,130.9592266
2.12E+08,130.8546127
2.12E+08,130.8277101
2.12E+08,130.812313
2.12E+08,130.8044695
2.12E+08,130.8005228
2.12E+08,130.7925546
2.12E+08,130.7885913
2.12E+08,130.7877439
2.12E+08,130.787075
2.12E+08,130.785575
2.12E+08,130.7844224
2.12E+08,130.7808849
2.12E+08,130.7760727
2.12E+08,130.769118
2.13E+08,130.7565956
2.13E+08,130.7446789
2.13E+08,130.7189896
2.13E+08,130.690566
2.13E+08,130.666225
2.14E+08,130.6141395
2.14E+08,130.5617944
2.15E+08,130.50941
2.16E+08,130.453328
2.16E+08,130.4032113
2.17E+08,130.2983172
2.18E+08,130.1928804
2.19E+08,130.0899244
2.19E+08,130.062975
2.20E+08,130.0554477
2.20E+08,130.039804
2.20E+08,130.0318946
2.20E+08,130.0284147
2.20E+08,130.0257479
2.20E+08,130.0227146
2.20E+08,130.017318
2.20E+08,130.0113935
2.20E+08,129.9979179
2.20E+08,129.9865562
2.20E+08,129.9610739
2.21E+08,129.9065519
2.22E+08,129.8529333
2.22E+08,129.7996559
2.23E+08,129.751865
2.24E+08,129.6477756
2.25E+08,129.5504383
2.26E+08,129.4513907
2.27E+08,129.3508445
2.28E+08,129.2509238
2.29E+08,129.152148
2.30E+08,129.0581518
2.31E+08,128.9621621
2.32E+08,128.8666139
2.33E+08,128.7753069
2.34E+08,128.6836231
2.35E+08,128.5896977
2.36E+08,128.4958263
2.37E+08,128.400095
2.38E+08,128.3803851
2.38E+08,128.3361812
2.39E+08,128.2925747
2.39E+08,128.2466328
2.40E+08,128.2018187
2.41E+08,128.1122616
2.42E+08,128.0248812
2.43E+08,127.9362093
2.44E+08,127.8442279
2.45E+08,127.7628831
2.46E+08,127.6785283
2.47E+08,127.5948903
2.48E+08,127.510595
2.49E+08,127.4300114
2.50E+08,127.3449187
2.51E+08,127.2613933
2.52E+08,127.18031
2.53E+08,127.1013834
2.54E+08,127.0276832
2.55E+08,126.9489135
2.56E+08,126.9311154
2.56E+08,126.8920121
2.57E+08,126.8155078
2.58E+08,126.7355045
2.59E+08,126.6566459
2.60E+08,126.5781856
2.61E+08,126.4995936
2.62E+08,126.4817524
2.62E+08,126.4577771
2.62E+08,126.4381223
2.62E+08,126.422839
2.63E+08,126.384548
2.63E+08,126.3431889
2.64E+08,126.3095173
2.65E+08,126.2347706
2.66E+08,126.1576737
2.67E+08,126.0785597
2.68E+08,125.9882254
2.69E+08,125.9162986
2.70E+08,125.8433342
2.71E+08,125.7730084
2.72E+08,125.7031633
2.73E+08,125.6332686
2.74E+08,125.5576896
2.76E+08,125.4882333
2.77E+08,125.4143754
2.78E+08,125.3503378
2.79E+08,125.281215
2.80E+08,125.2035465
2.81E+08,125.1384688
2.82E+08,125.0691223
2.83E+08,124.9985673
2.84E+08,124.9297409
2.85E+08,124.860198
2.86E+08,124.7890251
2.87E+08,124.7185066
2.88E+08,124.6479745
2.89E+08,124.5849625
2.90E+08,124.5178137
2.91E+08,124.4507175
2.92E+08,124.3830399
2.93E+08,124.3112381
2.94E+08,124.2364721
2.95E+08,124.1605492
2.97E+08,124.0800894
2.98E+08,124.0068613
2.99E+08,123.9305612
2.99E+08,123.9117353
2.99E+08,123.8928106
2.99E+08,123.8832892
3.00E+08,123.8636336
3.00E+08,123.8436894
3.00E+08,123.8242665
3.00E+08,123.8038254
3.01E+08,123.7848386
3.01E+08,123.7426869
3.02E+08,123.7032775
3.02E+08,123.6655636
3.03E+08,123.6280997
3.03E+08,123.5897579
3.04E+08,123.550678
3.04E+08,123.5102289
3.05E+08,123.4636302
3.05E+08,123.4256979
3.06E+08,123.3823084
3.06E+08,123.3389045
3.07E+08,123.2960325
3.07E+08,123.2506129
3.08E+08,123.1588257
3.09E+08,123.0624814
3.11E+08,122.9674754
3.12E+08,122.8800977
3.13E+08,122.8013071
3.14E+08,122.7117136
3.15E+08,122.6373117
3.16E+08,122.5535081
3.17E+08,122.4677178
3.18E+08,122.3737505
3.19E+08,122.2927623
3.20E+08,122.2074402
3.21E+08,122.116216
3.22E+08,122.0297133
3.23E+08,121.9485361
3.24E+08,121.8630417
3.25E+08,121.7769477
3.26E+08,121.6906052
3.27E+08,121.6027565
3.28E+08,121.5150185
3.29E+08,121.4287199
3.30E+08,121.3420278
3.32E+08,121.2555606
3.33E+08,121.1657505
3.34E+08,121.0805282
3.35E+08,120.9889482
3.35E+08,120.9696366
3.35E+08,120.9480462
3.35E+08,120.9261588
3.36E+08,120.8810691
3.36E+08,120.838988
3.37E+08,120.7944564
3.38E+08,120.7516576
3.38E+08,120.7079667
3.39E+08,120.6604367
3.39E+08,120.6524629
3.39E+08,120.6408315
3.39E+08,120.6286829
3.39E+08,120.6076679
3.39E+08,120.5871114
3.40E+08,120.5498421
3.41E+08,120.5126871
3.42E+08,120.4296967
3.43E+08,120.3443165
3.43E+08,120.3255383
3.43E+08,120.3110333
3.43E+08,120.2921208
3.44E+08,120.2735006
3.44E+08,120.2356877
3.45E+08,120.1578355
3.46E+08,120.0786524
3.47E+08,119.9986626
3.48E+08,119.9147038
3.49E+08,119.8313926
3.50E+08,119.8149614
3.50E+08,119.7938546
3.51E+08,119.7508811
3.52E+08,119.6643286
3.52E+08,119.6233061
3.53E+08,119.5796669
3.53E+08,119.5351491
3.54E+08,119.4559947
3.55E+08,119.3766395
3.56E+08,119.2964605
3.57E+08,119.2221947
3.58E+08,119.1463885
3.59E+08,119.0698216
3.60E+08,118.9927169
3.62E+08,118.9140691
3.63E+08,118.8341245
3.64E+08,118.7520003
3.65E+08,118.6681017
3.66E+08,118.589334
3.67E+08,118.5099552
3.68E+08,118.4299547
3.69E+08,118.3483297
3.70E+08,118.2694828
3.71E+08,118.1941528
3.72E+08,118.1194342
3.73E+08,118.0452235
3.74E+08,117.9728795
3.75E+08,117.8992722
3.76E+08,117.825341
3.77E+08,117.7515976
3.78E+08,117.6796019
3.80E+08,117.5324244
3.82E+08,117.3833758
3.85E+08,117.2328432
3.87E+08,117.0847155
3.89E+08,116.9425643
3.91E+08,116.8004655
3.93E+08,116.6562409
3.95E+08,116.5121168
3.96E+08,116.4775376
3.96E+08,116.4433935
3.97E+08,116.4055705
3.97E+08,116.3678005
3.98E+08,116.3300207
3.99E+08,116.2550082
4.00E+08,116.1805108
4.01E+08,116.1052776
4.02E+08,116.0315887
4.03E+08,115.9591071
4.04E+08,115.8871483
4.05E+08,115.815896
4.06E+08,115.7472143
4.07E+08,115.6791511
4.08E+08,115.6084423
4.09E+08,115.5392445
4.10E+08,115.4681949
4.11E+08,115.3970403
4.12E+08,115.3258431
4.13E+08,115.2546155
4.14E+08,115.1808877
4.16E+08,115.1087699
4.17E+08,115.0347462
4.18E+08,114.9605613
4.19E+08,114.8862166
4.20E+08,114.8116351
4.21E+08,114.7368682
4.22E+08,114.6621191
4.23E+08,114.5874616
4.24E+08,114.5132462
4.25E+08,114.4389029
4.26E+08,114.364382
4.27E+08,114.2894771
4.28E+08,114.2147087
4.29E+08,114.1402765
4.30E+08,114.064959
4.31E+08,113.9886748
4.32E+08,113.9138529
4.33E+08,113.8399346
4.34E+08,113.7663591
4.35E+08,113.6924768
4.36E+08,113.6185165
4.38E+08,113.5451834
4.39E+08,113.4734973
4.40E+08,113.4033837
4.41E+08,113.3329896
4.42E+08,113.2624168
4.43E+08,113.1917563
4.44E+08,113.1210713
4.45E+08,113.0504055
4.46E+08,112.9797363
4.47E+08,112.9091135
4.48E+08,112.8384941
4.49E+08,112.7677399
4.50E+08,112.6969043
4.51E+08,112.6261664
4.52E+08,112.5557523
4.53E+08,112.4854926
4.54E+08,112.4153879
4.55E+08,112.344849
4.56E+08,112.2739049
4.57E+08,112.202642
4.59E+08,112.1313891
4.60E+08,112.0602862
4.61E+08,111.9894296
4.62E+08,111.9179458
4.63E+08,111.8469944
4.64E+08,111.7763021
4.65E+08,111.7058583
4.66E+08,111.6348493
4.67E+08,111.5644223
4.68E+08,111.4953441
4.69E+08,111.4283204
4.70E+08,111.3610571
4.71E+08,111.2936563
4.72E+08,111.2261618
4.73E+08,111.1586178
4.74E+08,111.0910421
4.75E+08,111.0234127
4.76E+08,110.955677
4.77E+08,110.8877238
4.78E+08,110.8196482
4.79E+08,110.7516133
4.81E+08,110.6838255
4.82E+08,110.6161297
4.83E+08,110.5485431
4.84E+08,110.4810348
4.85E+08,110.4131583
4.86E+08,110.3451109
4.87E+08,110.2770412
4.88E+08,110.2093293
4.89E+08,110.1428024
4.90E+08,110.0759245
4.91E+08,110.0083376
4.92E+08,109.9398982
4.93E+08,109.8719029
4.94E+08,109.8039835
4.95E+08,109.7369179
4.96E+08,109.6702577
4.97E+08,109.6050434
4.98E+08,109.5396882
4.99E+08,109.4743057
5.00E+08,109.4088394
5.02E+08,109.3432611
5.03E+08,109.2775634
5.04E+08,109.2117681
5.05E+08,109.146014
5.06E+08,109.0804121
5.07E+08,109.0148675
5.08E+08,108.9494108
5.09E+08,108.883993
5.10E+08,108.8186796
5.11E+08,108.752642
5.12E+08,108.6866786
5.13E+08,108.6209695
5.14E+08,108.5565437
5.15E+08,108.4920361
5.16E+08,108.4272554
5.17E+08,108.3613352
5.18E+08,108.2958943
5.19E+08,108.2309577
5.20E+08,108.1675309
5.21E+08,108.1028775
5.22E+08,108.0392164
5.24E+08,107.9771212
5.25E+08,107.9143698
5.26E+08,107.8472926
5.27E+08,107.7811914
5.28E+08,107.7155505
5.29E+08,107.6501817
5.30E+08,107.584994
5.31E+08,107.5199512
5.33E+08,107.3903539
5.35E+08,107.2613183
5.37E+08,107.1328475
5.39E+08,107.0049956
5.41E+08,106.87783
5.43E+08,106.7513941
5.46E+08,106.6257191
5.48E+08,106.5007992
5.50E+08,106.3765434
5.52E+08,106.2529484
5.54E+08,106.1300144
5.56E+08,106.0077225
5.58E+08,105.886061
5.60E+08,105.7650126
5.62E+08,105.6445605
5.64E+08,105.5246851
5.67E+08,105.4053723
5.69E+08,105.2866075
5.71E+08,105.1683756
5.73E+08,105.0506629
5.75E+08,104.9334571
5.77E+08,104.8167448
5.79E+08,104.7005142
5.81E+08,104.584754
5.83E+08,104.4694499
5.85E+08,104.3545928
5.87E+08,104.2401708
5.90E+08,104.1261755
5.92E+08,104.0125926
5.94E+08,103.8994161
5.96E+08,103.7866327
5.98E+08,103.6742356
6.00E+08,103.5622144
6.02E+08,103.4505599
6.04E+08,103.3392634
6.06E+08,103.2283171
6.08E+08,103.1177124
6.11E+08,103.0074394
6.13E+08,102.8974934
6.15E+08,102.7878646
6.17E+08,102.6785464
6.19E+08,102.569531
6.21E+08,102.4608125
6.23E+08,102.3523849
6.25E+08,102.2442408
6.27E+08,102.1363733
6.29E+08,102.0287774
6.32E+08,101.9214467
6.34E+08,101.8143747
6.36E+08,101.7075577
6.38E+08,101.6009887
6.40E+08,101.4946642
6.42E+08,101.3885796
6.44E+08,101.2827286
6.46E+08,101.1771069
6.48E+08,101.0717105
6.50E+08,100.9665362
6.52E+08,100.861578
6.55E+08,100.7568331
6.57E+08,100.6522971
6.59E+08,100.5479688
6.61E+08,100.4438456
6.63E+08,100.3399204
6.65E+08,100.2361904
6.67E+08,100.1326479
6.69E+08,100.0292946
6.71E+08,99.92613324
6.73E+08,99.82315579
6.76E+08,99.72034362
6.78E+08,99.61768348
6.80E+08,99.51519689
6.82E+08,99.41288931
6.84E+08,99.31075754
6.86E+08,99.20879904
6.88E+08,99.10700671
6.90E+08,99.00534639
6.92E+08,98.90381776
6.94E+08,98.80245944
6.97E+08,98.70127152
6.99E+08,98.60025361
7.01E+08,98.49940033
7.05E+08,98.29827948
7.09E+08,98.09770612
7.13E+08,97.89769676
7.18E+08,97.69819777
7.22E+08,97.49935623
7.26E+08,97.301168
7.27E+08,97.25166373
7.28E+08,97.20220713
7.29E+08,97.15279314
7.30E+08,97.10338178
7.31E+08,97.05395128
7.32E+08,97.00452362
7.33E+08,96.95512271
7.34E+08,96.90577949
7.35E+08,96.85649367
7.36E+08,96.80726179
7.38E+08,96.70898261
7.41E+08,96.61088391
7.43E+08,96.51290028
7.45E+08,96.41502562
7.47E+08,96.31735011
7.49E+08,96.21980342
7.51E+08,96.12235775
7.53E+08,96.02509351
7.55E+08,95.92776424
7.57E+08,95.83058805
7.59E+08,95.7336698
7.62E+08,95.63697981
7.64E+08,95.54049288
7.66E+08,95.44423214
7.68E+08,95.34795808
7.70E+08,95.25168256
7.72E+08,95.15566667
7.74E+08,95.05991292
7.76E+08,94.96435734
7.78E+08,94.86891397
7.80E+08,94.77368294
7.83E+08,94.67846265
7.85E+08,94.58347442
7.87E+08,94.48868251
7.89E+08,94.39402185
7.91E+08,94.29961329
7.93E+08,94.20546259
7.95E+08,94.11157486
7.97E+08,94.01772758
7.99E+08,93.92395569
8.01E+08,93.83039881
8.03E+08,93.73713707
8.06E+08,93.64408993
8.08E+08,93.5511842
8.10E+08,93.45852598
8.12E+08,93.36618848
8.14E+08,93.27389
8.16E+08,93.18179327
8.18E+08,93.08997913
8.20E+08,92.99838594
8.22E+08,92.90699875
8.24E+08,92.8158581
8.27E+08,92.72488866
8.29E+08,92.63414392
8.31E+08,92.5436224
8.33E+08,92.45327623
8.35E+08,92.36322496
8.37E+08,92.27347895
8.39E+08,92.1839653
8.41E+08,92.09466066
8.43E+08,92.00559176
8.45E+08,91.91669629
8.48E+08,91.8280674
8.50E+08,91.73963573
8.52E+08,91.65145567
8.54E+08,91.56360916
8.56E+08,91.4760903
8.58E+08,91.38886054
8.60E+08,91.30185614
8.62E+08,91.21504578
8.63E+08,91.19344104
8.63E+08,91.1716989
8.64E+08,91.12838178
8.66E+08,91.04212295
8.69E+08,90.95602299
8.71E+08,90.87022897
8.73E+08,90.78479724
8.75E+08,90.69971534
8.77E+08,90.61493877
8.79E+08,90.5304461
8.81E+08,90.44613236
8.83E+08,90.36199832
8.85E+08,90.27819553
8.87E+08,90.1946275
8.89E+08,90.11135021
8.92E+08,90.02845687
8.94E+08,89.94592409
8.96E+08,89.86370438
8.98E+08,89.78177234
9.00E+08,89.70011173
9.02E+08,89.61846288
9.04E+08,89.53711282
9.06E+08,89.45618645
9.08E+08,89.37545476
9.10E+08,89.29511788
9.13E+08,89.21514133
9.15E+08,89.13547421
9.17E+08,89.0560913
9.19E+08,88.97697379
9.21E+08,88.89796701
9.23E+08,88.81888901
9.25E+08,88.74057143
9.27E+08,88.66234359
9.29E+08,88.58448835
9.31E+08,88.50699283
9.34E+08,88.42980213
9.36E+08,88.35288791
9.38E+08,88.27623768
9.40E+08,88.19984117
9.42E+08,88.12325884
9.44E+08,88.04701177
9.46E+08,87.97132658
9.48E+08,87.89573368
9.50E+08,87.82052917
9.52E+08,87.74562692
9.54E+08,87.67099276
9.57E+08,87.59660936
9.59E+08,87.52246067
9.61E+08,87.44837255
9.63E+08,87.37406957
9.65E+08,87.3005498
9.67E+08,87.22709842
9.69E+08,87.15394602
9.71E+08,87.08109168
9.73E+08,87.00848868
9.75E+08,86.93611169
9.78E+08,86.8639498
9.80E+08,86.79180671
9.82E+08,86.7194757
9.84E+08,86.6478732
9.86E+08,86.57629663
9.88E+08,86.50499256
9.90E+08,86.43395247
9.92E+08,86.36313452
9.94E+08,86.29251884
9.96E+08,86.22195747
9.99E+08,86.15117724
1.00E+09,86.08104297
1.00E+09,86.01089156
1.00E+09,85.94455946
1.01E+09,85.87249703
1.01E+09,85.80160353
1.01E+09,85.73511652
1.01E+09,85.67045524
1.02E+09,85.60670856
1.02E+09,85.54347901
1.02E+09,85.48056736
1.02E+09,85.41787114
1.02E+09,85.35532969
1.03E+09,85.29291019
1.03E+09,85.2305938
1.03E+09,85.16836861
1.03E+09,85.10623022
1.03E+09,85.04417644
1.04E+09,84.98220629
1.04E+09,84.92032376
1.04E+09,84.85853177
1.04E+09,84.79683152
1.04E+09,84.73522814
1.05E+09,84.67372421
1.05E+09,84.61232382
1.05E+09,84.55103172
1.05E+09,84.48985102
1.06E+09,84.42878633
1.06E+09,84.36784002
1.06E+09,84.30701504
1.06E+09,84.18587442
1.07E+09,84.06526795
1.07E+09,83.94521335
1.08E+09,83.82572818
1.08E+09,83.70682627
1.08E+09,83.58852178
1.09E+09,83.4708281
1.09E+09,83.35375275
1.10E+09,83.23730592
1.10E+09,83.12149452
1.11E+09,83.00632543
1.11E+09,82.89180491
1.11E+09,82.77793585
1.12E+09,82.66472316
1.12E+09,82.55216949
1.13E+09,82.44027564
1.13E+09,82.32904372
1.13E+09,82.21847473
1.14E+09,82.10856802
1.14E+09,81.99932344
1.15E+09,81.89074027
1.15E+09,81.7828169
1.16E+09,81.67555158
1.16E+09,81.56894237
1.16E+09,81.46298634
1.17E+09,81.35768045
1.17E+09,81.2530219
1.18E+09,81.14900782
1.18E+09,81.0456337
1.19E+09,80.94289627
1.19E+09,80.84079047
1.19E+09,80.73931328
1.20E+09,80.5388319
1.21E+09,80.34078771
1.22E+09,80.14514101
1.23E+09,79.95185155
1.24E+09,79.76087628
1.24E+09,79.57217428
1.25E+09,79.38570169
1.26E+09,79.20141692
1.27E+09,79.01927591
1.28E+09,78.83923649
1.29E+09,78.66125453
1.29E+09,78.48529023
1.30E+09,78.31129895
1.31E+09,78.13924045
1.32E+09,77.96907345
1.33E+09,77.80075771
1.34E+09,77.63425339
1.34E+09,77.4695218
1.35E+09,77.30653077
1.36E+09,77.14528446
1.37E+09,76.98582215
1.38E+09,76.82817673
1.39E+09,76.6723547
1.39E+09,76.51834857
1.40E+09,76.36614214
1.41E+09,76.21571179
1.42E+09,76.0670361
1.43E+09,75.92009351
1.44E+09,75.77485755
1.45E+09,75.63130889
1.45E+09,75.48943285
1.46E+09,75.34921813
1.47E+09,75.21065674
1.48E+09,75.07375431
1.49E+09,74.93855912
1.50E+09,74.80510064
1.50E+09,74.67334746
1.51E+09,74.54322289
1.52E+09,74.41463447
1.53E+09,74.28749625
1.54E+09,74.16172979
1.55E+09,74.03726655
1.55E+09,73.91404349
1.56E+09,73.7920034
1.57E+09,73.67109465
1.58E+09,73.55127053
1.59E+09,73.4324884
1.60E+09,73.31470818
1.60E+09,73.1978938
1.61E+09,73.0820101
1.62E+09,72.96702469
1.63E+09,72.85290671
1.64E+09,72.73962845
1.65E+09,72.62716303
1.65E+09,72.51548463
1.66E+09,72.40456753
1.67E+09,72.29438681
1.68E+09,72.18491952
1.69E+09,72.07614343
1.70E+09,71.96803826
1.71E+09,71.86058557
1.71E+09,71.75376489
1.72E+09,71.64756032
1.73E+09,71.54195364
1.74E+09,71.43692899
1.75E+09,71.3324701
1.76E+09,71.22856234
1.76E+09,71.12519017
1.77E+09,71.02234018
1.78E+09,70.91999734
1.79E+09,70.81814872
1.80E+09,70.71677935
1.81E+09,70.61587683
1.81E+09,70.51542885
1.82E+09,70.41542327
1.83E+09,70.31585004
1.84E+09,70.21669771
1.85E+09,70.11795603
1.86E+09,70.0196152
1.86E+09,69.92166461
1.87E+09,69.82409459
1.88E+09,69.72689482
1.89E+09,69.6300563
1.90E+09,69.53356932
1.91E+09,69.43742499
1.91E+09,69.34161471
1.92E+09,69.24612912
1.93E+09,69.15095978
1.94E+09,69.05609827
1.95E+09,68.96153696
1.96E+09,68.86726817
1.97E+09,68.77328439
1.97E+09,68.67957755
1.98E+09,68.5861408
1.99E+09,68.49296691
2.00E+09,68.40004901
2.01E+09,68.30737965
2.02E+09,68.21495251
2.02E+09,68.12276149
2.03E+09,68.03080066
2.04E+09,67.93906332
2.05E+09,67.84754426
2.06E+09,67.75623677
2.07E+09,67.66513571
2.07E+09,67.57423511
2.08E+09,67.48352979
2.09E+09,67.39301422
2.10E+09,67.30268256
2.11E+09,67.21253047
2.12E+09,67.12255219
2.12E+09,67.03274302
2.13E+09,66.94309819
2.14E+09,66.85361303
2.15E+09,66.76428234
2.16E+09,66.675102
2.17E+09,66.58606802
2.18E+09,66.49717554
2.18E+09,66.40841994
2.19E+09,66.31979766
2.20E+09,66.23130459
2.21E+09,66.14293726
2.22E+09,66.05469122
2.23E+09,65.96656384
2.23E+09,65.87855093
2.24E+09,65.79064885
2.25E+09,65.70285515
2.26E+09,65.6151654
2.27E+09,65.52757819
2.28E+09,65.44009291
2.28E+09,65.35270995
2.29E+09,65.26543074
2.30E+09,65.17825543
2.31E+09,65.09118487
2.32E+09,65.00422125
2.33E+09,64.91736632
2.33E+09,64.83062294
2.34E+09,64.74399829
2.35E+09,64.65749204
2.36E+09,64.57111048
2.36E+09,64.54952247
2.36E+09,64.52793987
2.37E+09,64.4848145
2.37E+09,64.44172227
2.38E+09,64.39866536
2.38E+09,64.31269114
2.39E+09,64.22685112
2.40E+09,64.14116246
2.41E+09,64.05561889
2.42E+09,63.97024097
2.43E+09,63.88501536
2.44E+09,63.79996634
2.44E+09,63.71507995
2.45E+09,63.63038038
2.46E+09,63.54585482
2.47E+09,63.46152462
2.48E+09,63.37738149
2.49E+09,63.29344295
2.49E+09,63.20970542
2.50E+09,63.12618351
2.51E+09,63.04287738
2.52E+09,62.95979738
2.53E+09,62.87694511
2.54E+09,62.7943373
2.54E+09,62.71197801
2.55E+09,62.6914183
2.55E+09,62.67250685
2.55E+09,62.64720045
2.55E+09,62.62692714
2.55E+09,62.60934398
2.56E+09,62.57749519
2.57E+09,62.51680251
2.58E+09,62.45676809
2.58E+09,62.3967722
2.59E+09,62.33666213
2.60E+09,62.27642578
2.61E+09,62.21608889
2.62E+09,62.15568992
2.63E+09,62.09526237
2.63E+09,62.03483682
2.64E+09,61.97443908
2.65E+09,61.91408988
2.66E+09,61.85380889
2.67E+09,61.79361057
2.68E+09,61.733508
2.68E+09,61.67351295
2.69E+09,61.61363482
2.70E+09,61.55388112
2.71E+09,61.49426081
2.72E+09,61.43477918
2.73E+09,61.3754425
2.73E+09,61.31625512
2.74E+09,61.25722178
2.75E+09,61.19834658
2.76E+09,61.13963201
2.77E+09,61.08108208
2.78E+09,61.02269943
2.79E+09,60.96448549
2.79E+09,60.90644398
2.80E+09,60.84857534
2.81E+09,60.79088262
2.82E+09,60.73336636
2.83E+09,60.67602885
2.84E+09,60.61887064
2.84E+09,60.56189275
2.85E+09,60.50509728
2.86E+09,60.44848398
2.87E+09,60.39205431
2.88E+09,60.33580859
2.89E+09,60.27974775
2.89E+09,60.22387248
2.90E+09,60.16818261
2.91E+09,60.11267926
2.92E+09,60.05736301
2.93E+09,60.00223273
2.94E+09,59.94729071
2.94E+09,59.89253509
2.95E+09,59.83796731
2.96E+09,59.78358752
2.97E+09,59.72939558
2.98E+09,59.67539132
2.99E+09,59.62157427
3.00E+09,59.5679449
3.00E+09,59.5145022
3.01E+09,59.46124538
3.02E+09,59.40817558
3.03E+09,59.35529122
3.04E+09,59.30259195
3.05E+09,59.25007841
3.05E+09,59.19774915
3.06E+09,59.14560365
3.07E+09,59.09364294
3.08E+09,59.04186546
3.08E+09,59.02893256
3.09E+09,59.00311305
3.09E+09,58.95165656
3.10E+09,58.90038265
3.11E+09,58.8492906
3.12E+09,58.79838034
3.13E+09,58.74765182
3.14E+09,58.69710441
3.14E+09,58.64673703
3.15E+09,58.59655043
3.16E+09,58.54654285
3.17E+09,58.49671439
3.18E+09,58.44706509
3.19E+09,58.39759427
3.19E+09,58.34830103
3.20E+09,58.29918528
3.21E+09,58.25024562
3.22E+09,58.20148332
3.23E+09,58.15289637
3.24E+09,58.10448498
3.24E+09,58.05624887
3.25E+09,58.00818733
3.26E+09,57.96029955
3.27E+09,57.91258601
3.28E+09,57.86504506
3.29E+09,57.81767722
3.29E+09,57.77048123
3.30E+09,57.72345744
3.31E+09,57.67660482
3.32E+09,57.62992298
3.33E+09,57.58341085
3.34E+09,57.53706892
3.35E+09,57.49089601
3.35E+09,57.44489218
3.36E+09,57.39905591
3.37E+09,57.35338771
3.38E+09,57.30788641
3.39E+09,57.26255167
3.40E+09,57.21738321
3.40E+09,57.17238017
3.41E+09,57.12754187
3.42E+09,57.0828675
3.43E+09,57.03835771
3.44E+09,56.99401105
3.44E+09,56.97187864
3.45E+09,56.94978685
3.45E+09,56.92773569
3.45E+09,56.90572521
3.46E+09,56.86186519
3.47E+09,56.81816619
3.48E+09,56.77462803
3.49E+09,56.73124922
3.50E+09,56.68802937
3.50E+09,56.64496861
3.51E+09,56.60206599
3.52E+09,56.55932088
3.53E+09,56.51673233
3.54E+09,56.47429992
3.55E+09,56.43202343
3.55E+09,56.38990205
3.56E+09,56.34793597
3.57E+09,56.30612299
3.58E+09,56.26446352
3.59E+09,56.22295634
3.60E+09,56.18160175
3.61E+09,56.14039857
3.61E+09,56.09934673
3.62E+09,56.05844471
3.63E+09,56.01769248
3.64E+09,55.97708965
3.65E+09,55.93663473
3.66E+09,55.89632834
3.66E+09,55.85616915
3.67E+09,55.81615644
3.68E+09,55.77629018
3.69E+09,55.73656886
3.70E+09,55.69699304
3.71E+09,55.65756091
3.71E+09,55.61827269
3.72E+09,55.57912737
3.73E+09,55.54012435
3.74E+09,55.50126365
3.75E+09,55.46254373
3.76E+09,55.42396521
3.76E+09,55.3855258
3.77E+09,55.34722631
3.78E+09,55.3090653
3.79E+09,55.27104257
3.80E+09,55.23315761
3.81E+09,55.19540969
3.82E+09,55.15779946
3.82E+09,55.1203269
3.83E+09,55.08299195
3.84E+09,55.04579504
3.85E+09,55.00873605
3.86E+09,54.97181507
3.87E+09,54.93503138
3.87E+09,54.89838586
3.88E+09,54.86187805
3.89E+09,54.82550766
3.90E+09,54.78927468
3.91E+09,54.75317821
3.92E+09,54.71721901
3.92E+09,54.68139631
3.93E+09,54.6457093
3.94E+09,54.61015872
3.95E+09,54.57474315
3.96E+09,54.53946251
3.97E+09,54.46943591
3.99E+09,54.39994215
4.01E+09,54.3309763
4.01E+09,54.3137686
4.02E+09,54.29659377
4.02E+09,54.27945172
4.03E+09,54.24529802
4.04E+09,54.21127427
4.05E+09,54.17738083
4.05E+09,54.14361625
4.06E+09,54.10998049
4.07E+09,54.07647237
4.08E+09,54.04309204
4.09E+09,54.00983825
4.10E+09,53.97671033
4.10E+09,53.94370807
4.11E+09,53.91083017
4.12E+09,53.87807698
4.13E+09,53.84544734
4.14E+09,53.81294016
4.15E+09,53.78055532
4.15E+09,53.74829234
4.16E+09,53.71615003
4.17E+09,53.68412804
4.18E+09,53.65222538
4.19E+09,53.6204416
4.20E+09,53.58877638
4.21E+09,53.55722787
4.21E+09,53.52579699
4.22E+09,53.49448163
4.23E+09,53.46328238
4.24E+09,53.43219744
4.25E+09,53.40122681
4.26E+09,53.37036961
4.26E+09,53.33962492
4.27E+09,53.30899207
4.28E+09,53.2784711
4.29E+09,53.24806058
4.30E+09,53.21775972
4.31E+09,53.18756827
4.31E+09,53.1574854
4.32E+09,53.12751071
4.33E+09,53.09764341
4.34E+09,53.06788231
4.35E+09,53.03822705
4.36E+09,53.00867698
4.36E+09,52.97923155
4.37E+09,52.94989004
4.38E+09,52.92065176
4.39E+09,52.89151545
4.40E+09,52.86248169
4.41E+09,52.83354835
4.41E+09,52.80471603
4.42E+09,52.77598373
4.43E+09,52.74735068
4.44E+09,52.71881606
4.45E+09,52.69037882
4.46E+09,52.66203958
4.47E+09,52.6337965
4.47E+09,52.60564951
4.48E+09,52.5775982
4.49E+09,52.5496409
4.50E+09,52.52177842
4.51E+09,52.49400854
4.52E+09,52.46633196
4.52E+09,52.43874751
4.53E+09,52.41125486
4.54E+09,52.38385289
4.55E+09,52.35654128
4.56E+09,52.32931928
4.57E+09,52.3021864
4.57E+09,52.2751423
4.58E+09,52.24818569
4.59E+09,52.22131654
4.60E+09,52.19453438
4.61E+09,52.16783825
4.62E+09,52.14122747
4.62E+09,52.11470173
4.63E+09,52.08826062
4.64E+09,52.06190296
4.65E+09,52.03562894
4.66E+09,52.0094369
4.67E+09,51.98332761
4.67E+09,51.95729965
4.68E+09,51.93135298
4.69E+09,51.90548656
4.70E+09,51.87969967
4.72E+09,51.82844033
4.73E+09,51.77749232
4.75E+09,51.72685071
4.77E+09,51.6765118
4.77E+09,51.66394602
4.78E+09,51.63888938
4.79E+09,51.6139069
4.80E+09,51.58899837
4.80E+09,51.56416285
4.81E+09,51.53939988
4.82E+09,51.51470948
4.83E+09,51.4900904
4.84E+09,51.46554295
4.85E+09,51.44106572
4.86E+09,51.41665889
4.86E+09,51.39232213
4.87E+09,51.36805389
4.88E+09,51.34385494
4.89E+09,51.31972372
4.90E+09,51.29566041
4.91E+09,51.27166507
4.91E+09,51.2477359
4.93E+09,51.20014058
4.95E+09,51.1528054
4.96E+09,51.10572707
4.97E+09,51.09397331
4.98E+09,51.07052982
4.99E+09,51.04714899
4.99E+09,51.02383082
5.00E+09,51.00057495
5.01E+09,50.97738065
5.02E+09,50.95424734
5.03E+09,50.93117509
5.04E+09,50.9081623
5.04E+09,50.90241328
5.04E+09,50.8909298
5.05E+09,50.868022
5.06E+09,50.84517342
5.07E+09,50.82238381
5.08E+09,50.79965218
5.08E+09,50.77697862
5.09E+09,50.75436205
5.10E+09,50.7318031
5.11E+09,50.70930052
5.12E+09,50.68685416
5.13E+09,50.66446404
5.13E+09,50.64212861
5.14E+09,50.61984874
5.15E+09,50.59762355
5.17E+09,50.55338741
5.18E+09,50.50936394
5.20E+09,50.46554982
5.22E+09,50.42194243
5.23E+09,50.37853816
5.25E+09,50.33533475
5.27E+09,50.29232911
5.29E+09,50.24951821
5.30E+09,50.20689837
5.31E+09,50.19625585
5.31E+09,50.1750178
5.32E+09,50.15382715
5.33E+09,50.13268213
5.34E+09,50.11158457
5.35E+09,50.09053236
5.36E+09,50.06952563
5.37E+09,50.02769197
5.39E+09,49.9860355
5.41E+09,49.94455357
5.42E+09,49.90324383
5.44E+09,49.8621036
5.46E+09,49.82112999
5.47E+09,49.780321
5.49E+09,49.7396741
5.51E+09,49.69918576
5.51E+09,49.68907388
5.52E+09,49.66888945
5.53E+09,49.64874396
5.54E+09,49.62863704
5.55E+09,49.60856851
5.55E+09,49.59854394
5.56E+09,49.57853286
5.57E+09,49.5386589
5.59E+09,49.49893146
5.61E+09,49.45934931
5.62E+09,49.41990964
5.64E+09,49.38061034
5.66E+09,49.34144875
5.68E+09,49.30242302
5.69E+09,49.26353043
5.71E+09,49.22476873
5.73E+09,49.18613659
5.73E+09,49.17648677
5.74E+09,49.15721885
5.75E+09,49.13798201
5.75E+09,49.11877664
5.76E+09,49.09960234
5.77E+09,49.08045833
5.78E+09,49.06134516
5.79E+09,49.04226199
5.80E+09,49.02320833
5.81E+09,49.00418459
5.81E+09,48.9851899
5.82E+09,48.9662247
5.83E+09,48.94728792
5.83E+09,48.93782666
5.84E+09,48.91893299
5.85E+09,48.90006734
5.86E+09,48.8812294
5.87E+09,48.86241928
5.88E+09,48.84363673
5.88E+09,48.82488087
5.89E+09,48.80615255
5.90E+09,48.78745036
5.90E+09,48.78277682
5.91E+09,48.77343531
5.92E+09,48.75477925
5.92E+09,48.73614955
5.93E+09,48.7175443
5.94E+09,48.69896562
5.95E+09,48.68041162
5.96E+09,48.66188215
5.97E+09,48.6433777
5.98E+09,48.62489788
5.98E+09,48.60644191
5.99E+09,48.58800993
6.00E+09,48.5696023
6.00E+09,48.56040415
6.01E+09,48.54203163
6.02E+09,48.52368231
6.03E+09,48.5053561
6.03E+09,48.49619879
6.04E+09,48.47790632
6.05E+09,48.45963658
6.07E+09,48.4231745
6.07E+09,48.41406364
6.08E+09,48.40495712
6.08E+09,48.39585411
6.09E+09,48.37765648
6.10E+09,48.35946679
6.11E+09,48.34128322
6.11E+09,48.32310574
6.12E+09,48.30493167
6.13E+09,48.28676078
6.14E+09,48.26859242
6.15E+09,48.25042733
6.16E+09,48.21411099
6.18E+09,48.17781218
6.18E+09,48.16873844
6.19E+09,48.15059601
6.20E+09,48.13245833
6.22E+09,48.09620424
6.24E+09,48.05997259
6.25E+09,48.0237649
6.27E+09,47.98758233
6.29E+09,47.95142587
6.30E+09,47.91529772
6.32E+09,47.87919771
6.34E+09,47.84312756
6.35E+09,47.80708815
6.37E+09,47.77108058
6.39E+09,47.73510631
6.40E+09,47.69916611
6.42E+09,47.66325949
6.44E+09,47.62738947
6.45E+09,47.59155486
6.46E+09,47.58259869
6.47E+09,47.56469564
6.47E+09,47.54680201
6.48E+09,47.5289182
6.50E+09,47.49318698
6.52E+09,47.45749563
6.53E+09,47.42184275
6.55E+09,47.38623092
6.57E+09,47.35065921
6.58E+09,47.31512315
6.60E+09,47.27959531
6.60E+09,47.27071336
6.61E+09,47.25294459
6.62E+09,47.23516883
6.63E+09,47.21738421
6.64E+09,47.19958946
6.65E+09,47.18178502
6.65E+09,47.16396961
6.66E+09,47.14614388
6.68E+09,47.11045502
6.70E+09,47.07473153
6.71E+09,47.03897763
6.73E+09,47.00319644
6.75E+09,46.9673912
6.76E+09,46.93156599
6.78E+09,46.89572429
6.80E+09,46.85986902
6.81E+09,46.8240025
6.83E+09,46.78812942
6.83E+09,46.77916045
6.84E+09,46.76122223
6.86E+09,46.72534339
6.88E+09,46.68946659
6.88E+09,46.68049713
6.89E+09,46.66256039
6.90E+09,46.64462556
6.91E+09,46.62669252
6.91E+09,46.60876216
6.92E+09,46.59083484
6.93E+09,46.57291102
6.94E+09,46.5549915
6.95E+09,46.53707605
6.96E+09,46.5191652
6.97E+09,46.48336405
6.99E+09,46.44758539
7.01E+09,46.41183155
7.02E+09,46.37610568
7.04E+09,46.34040867
7.06E+09,46.30474338
7.07E+09,46.26911116
7.09E+09,46.23351426
7.11E+09,46.19795313
7.12E+09,46.16243074
7.14E+09,46.12694771
7.16E+09,46.09150532
7.17E+09,46.0561054
7.19E+09,46.02074882
7.21E+09,45.98543606
7.21E+09,45.9766111
7.22E+09,45.95897203
7.23E+09,45.94134459
7.24E+09,45.92372897
7.25E+09,45.90612465
7.26E+09,45.87096422
7.28E+09,45.83585282
7.30E+09,45.80079175
7.31E+09,45.76578184
7.33E+09,45.73082396
7.35E+09,45.69591932
7.35E+09,45.68719594
7.35E+09,45.67847681
7.36E+09,45.66105129
7.38E+09,45.62625432
7.40E+09,45.59151206
7.41E+09,45.55682501
7.43E+09,45.52219398
7.43E+09,45.51353976
7.44E+09,45.49624547
7.45E+09,45.47896542
7.47E+09,45.444462
7.49E+09,45.41001521
7.49E+09,45.40140749
7.50E+09,45.38420605
7.51E+09,45.36701902
7.51E+09,45.34984657
7.52E+09,45.33268869
7.54E+09,45.29843111
7.56E+09,45.26423233
7.57E+09,45.23009206
7.59E+09,45.19601188
7.61E+09,45.16199156
7.62E+09,45.12803255
7.63E+09,45.11954652
7.64E+09,45.10258974
7.65E+09,45.068737
7.67E+09,45.03494476
7.69E+09,45.00121297
7.70E+09,44.96754177
7.72E+09,44.93393059
7.74E+09,44.90038026
7.74E+09,44.89199651
7.75E+09,44.87524443
7.76E+09,44.85850725
7.77E+09,44.8250928
7.79E+09,44.79173829
7.81E+09,44.7584432
7.82E+09,44.72520858
7.83E+09,44.71690402
7.83E+09,44.70860295
7.84E+09,44.7003061
7.84E+09,44.69201431
7.85E+09,44.68372694
7.85E+09,44.67544437
7.85E+09,44.66716639
7.86E+09,44.65889441
7.87E+09,44.64237127
7.88E+09,44.62586992
7.88E+09,44.6093946
7.89E+09,44.59294604
7.90E+09,44.57652789
7.91E+09,44.56014456
7.91E+09,44.55605221
7.91E+09,44.55639993
7.91E+09,44.55621187
7.91E+09,44.55411797
7.91E+09,44.55207438
7.91E+09,44.54866748
7.91E+09,44.54574712
7.92E+09,44.54320498
7.92E+09,44.54098466
7.92E+09,44.53904405
7.92E+09,44.53601434
7.92E+09,44.53361976
7.92E+09,44.53169135
7.93E+09,44.5300993
7.93E+09,44.52874587
7.93E+09,44.52653662
7.94E+09,44.5245614
7.94E+09,44.52267034
7.95E+09,44.51878259
7.97E+09,44.50995039
7.98E+09,44.50009282
8.00E+09,44.48934868
8.03E+09,44.46519652
8.07E+09,44.43897128
8.08E+09,44.4322941
8.08E+09,44.42550273
8.10E+09,44.41151154
8.10E+09,44.40798859
8.11E+09,44.40084959
8.12E+09,44.39362165
8.14E+09,44.37883978
8.14E+09,44.3751249
8.15E+09,44.36761901
8.16E+09,44.36004086
8.18E+09,44.34461939
8.19E+09,44.32895391
8.21E+09,44.3130635
8.21E+09,44.30907699
8.22E+09,44.30105155
8.23E+09,44.29702561
8.23E+09,44.2889245
8.25E+09,44.27253742
8.27E+09,44.25598009
8.27E+09,44.25183052
8.28E+09,44.24349103
8.30E+09,44.22666318
8.30E+09,44.22244718
8.31E+09,44.21398016
8.32E+09,44.20547979
8.33E+09,44.19694689
8.34E+09,44.17976155
8.36E+09,44.16246582
8.38E+09,44.14506911
8.39E+09,44.12757847
8.41E+09,44.11000183
8.43E+09,44.09234589
8.44E+09,44.07461782
8.48E+09,44.03891893
8.49E+09,44.02997969
8.50E+09,44.01204917
8.51E+09,44.00756353
8.52E+09,43.9985798
8.53E+09,43.98056901
8.55E+09,43.96251883
8.55E+09,43.95800393
8.56E+09,43.94896496
8.58E+09,43.9308559
8.60E+09,43.91271913
8.60E+09,43.90818308
8.61E+09,43.899105
8.62E+09,43.89002157
8.62E+09,43.8809321
8.63E+09,43.87183848
8.64E+09,43.86273944
8.65E+09,43.85363721
8.66E+09,43.84453041
8.67E+09,43.83542064
8.68E+09,43.82630763
8.68E+09,43.8171924
8.69E+09,43.80807448
8.71E+09,43.78983186
8.73E+09,43.77158554
8.74E+09,43.75333714
8.76E+09,43.73508858
8.78E+09,43.7168426
8.79E+09,43.69860151
8.81E+09,43.68036588
8.83E+09,43.66213834
8.84E+09,43.64392036
8.86E+09,43.62571416
8.88E+09,43.60752
8.89E+09,43.58933983
8.90E+09,43.58025373
8.91E+09,43.57117108
8.93E+09,43.5530229
8.94E+09,43.53489236
8.96E+09,43.51678073
8.96E+09,43.5122541
8.97E+09,43.50320596
8.98E+09,43.49416243
9.00E+09,43.47609661
9.01E+09,43.4580532
9.03E+09,43.44003297
9.05E+09,43.42203668
9.08E+09,43.38614428
9.09E+09,43.37717819
9.10E+09,43.36821814
9.11E+09,43.35926488
9.12E+09,43.34138575
9.13E+09,43.33245297
9.14E+09,43.32352687
9.15E+09,43.31460818
9.15E+09,43.31015037
9.16E+09,43.301242
9.18E+09,43.28345484
9.20E+09,43.26569642
9.20E+09,43.26125886
9.21E+09,43.252391
9.22E+09,43.23468549
9.24E+09,43.2170108
9.26E+09,43.19936722
9.26E+09,43.19495835
9.27E+09,43.18614837
9.28E+09,43.17734646
9.29E+09,43.16855217
9.30E+09,43.15976643
9.30E+09,43.15098856
9.32E+09,43.13346465
9.34E+09,43.11597332
9.35E+09,43.09851574
9.37E+09,43.08109147
9.38E+09,43.0723876
9.40E+09,43.05501327
9.40E+09,43.04633514
9.42E+09,43.02901197
9.44E+09,43.0117233
9.46E+09,42.99446913
9.47E+09,42.97724984
9.49E+09,42.96006514
9.51E+09,42.94291544
9.52E+09,42.92580113
9.54E+09,42.90872201
9.56E+09,42.89167768
9.56E+09,42.88741938
9.57E+09,42.87891047
9.59E+09,42.86192908
9.60E+09,42.84498302
9.62E+09,42.8280724
9.64E+09,42.81119811
9.65E+09,42.79435978
9.67E+09,42.77755724
9.69E+09,42.7607908
9.70E+09,42.7440607
9.72E+09,42.72736659
9.74E+09,42.71070919
9.75E+09,42.69408717
9.77E+09,42.6775018
9.79E+09,42.66095309
9.80E+09,42.64444016
9.82E+09,42.62796406
9.85E+09,42.59515626
9.86E+09,42.58696345
9.88E+09,42.57061449
9.90E+09,42.55430185
9.91E+09,42.53802577
9.93E+09,42.5217856
9.95E+09,42.50558211
9.96E+09,42.48941487
9.98E+09,42.47328417
1.00E+10,42.45718931
1.00E+10,42.45369542